name,level,school,time,range,components,duration,classes,source,_src_file,_book
Acid Splash,0.0,C,1 action,60.0,"s,v",instant,,PHB,spells-phb.json,
Acid Splash,0.0,V,1 action,60.0,"s,v",instant,,XPHB,spells-xphb.json,
Blade Ward,0.0,A,1 action,,"s,v",timed,,PHB,spells-phb.json,
Blade Ward,0.0,A,1 action,,"s,v",timed,,XPHB,spells-xphb.json,
Booming Blade,0.0,V,1 action,5.0,s,timed,,TCE,spells-tce.json,
Chill Touch,0.0,N,1 action,120.0,"s,v",timed,,PHB,spells-phb.json,
Chill Touch,0.0,N,1 action,,"s,v",instant,,XPHB,spells-xphb.json,
Control Flames,0.0,T,1 action,60.0,s,instant; timed,,XGE,spells-xge.json,
Create Bonfire,0.0,C,1 action,60.0,"s,v",timed,,XGE,spells-xge.json,
Dancing Lights,0.0,V,1 action,120.0,"s,v",timed,,PHB,spells-phb.json,
Dancing Lights,0.0,I,1 action,120.0,"s,v",timed,,XPHB,spells-xphb.json,
Druidcraft,0.0,T,1 action,30.0,"s,v",instant,,PHB,spells-phb.json,
Druidcraft,0.0,T,1 action,30.0,"s,v",instant,,XPHB,spells-xphb.json,
Eldritch Blast,0.0,V,1 action,120.0,"s,v",instant,,PHB,spells-phb.json,
Eldritch Blast,0.0,V,1 action,120.0,"s,v",instant,,XPHB,spells-xphb.json,
Elementalism,0.0,T,1 action,30.0,"s,v",instant,,XPHB,spells-xphb.json,
Encode Thoughts,0.0,E,1 action,,s,timed,,GGR,spells-ggr.json,
Fire Bolt,0.0,V,1 action,120.0,"s,v",instant,,PHB,spells-phb.json,
Fire Bolt,0.0,V,1 action,120.0,"s,v",instant,,XPHB,spells-xphb.json,
Friends,0.0,E,1 action,,s,timed,,PHB,spells-phb.json,
Friends,0.0,E,1 action,10.0,s,timed,,XPHB,spells-xphb.json,
Frostbite,0.0,V,1 action,60.0,"s,v",instant,,XGE,spells-xge.json,
Green-Flame Blade,0.0,V,1 action,5.0,s,instant,,TCE,spells-tce.json,
Guidance,0.0,D,1 action,,"s,v",timed,,PHB,spells-phb.json,
Guidance,0.0,D,1 action,,"s,v",timed,,XPHB,spells-xphb.json,
Gust,0.0,T,1 action,30.0,"s,v",instant,,XGE,spells-xge.json,
Infestation,0.0,C,1 action,30.0,"s,v",instant,,XGE,spells-xge.json,
Light,0.0,V,1 action,,v,timed,,PHB,spells-phb.json,
Light,0.0,V,1 action,,v,timed,,XPHB,spells-xphb.json,
Lightning Lure,0.0,V,1 action,15.0,v,instant,,TCE,spells-tce.json,
Mage Hand,0.0,C,1 action,30.0,"s,v",timed,,PHB,spells-phb.json,
Mage Hand,0.0,C,1 action,30.0,"s,v",timed,,XPHB,spells-xphb.json,
Magic Stone,0.0,T,1 bonus,,"s,v",timed,,XGE,spells-xge.json,
Mending,0.0,T,1 minute,,"s,v",instant,,PHB,spells-phb.json,
Mending,0.0,T,1 minute,,"s,v",instant,,XPHB,spells-xphb.json,
Message,0.0,T,1 action,120.0,"s,v",timed,,PHB,spells-phb.json,
Message,0.0,T,1 action,120.0,s,timed,,XPHB,spells-xphb.json,
Mind Sliver,0.0,E,1 action,60.0,v,timed,,TCE,spells-tce.json,
Mind Sliver,0.0,E,1 action,60.0,v,instant,,XPHB,spells-xphb.json,
Minor Illusion,0.0,I,1 action,30.0,s,timed,,PHB,spells-phb.json,
Minor Illusion,0.0,I,1 action,30.0,s,timed,,XPHB,spells-xphb.json,
Mold Earth,0.0,T,1 action,30.0,s,instant; timed,,XGE,spells-xge.json,
Poison Spray,0.0,C,1 action,10.0,"s,v",instant,,PHB,spells-phb.json,
Poison Spray,0.0,N,1 action,30.0,"s,v",instant,,XPHB,spells-xphb.json,
Prestidigitation,0.0,T,1 action,10.0,"s,v",timed,,PHB,spells-phb.json,
Prestidigitation,0.0,T,1 action,10.0,"s,v",timed,,XPHB,spells-xphb.json,
Primal Savagery,0.0,T,1 action,,s,instant,,XGE,spells-xge.json,
Produce Flame,0.0,C,1 action,,"s,v",timed,,PHB,spells-phb.json,
Produce Flame,0.0,C,1 bonus,,"s,v",timed,,XPHB,spells-xphb.json,
Ray of Frost,0.0,V,1 action,60.0,"s,v",instant,,PHB,spells-phb.json,
Ray of Frost,0.0,V,1 action,60.0,"s,v",instant,,XPHB,spells-xphb.json,
Resistance,0.0,A,1 action,,"s,v",timed,,PHB,spells-phb.json,
Resistance,0.0,A,1 action,,"s,v",timed,,XPHB,spells-xphb.json,
Sacred Flame,0.0,V,1 action,60.0,"s,v",instant,,PHB,spells-phb.json,
Sacred Flame,0.0,V,1 action,60.0,"s,v",instant,,XPHB,spells-xphb.json,
Sapping Sting,0.0,N,1 action,30.0,"s,v",instant,,EGW,spells-egw.json,
Shape Water,0.0,T,1 action,30.0,s,instant; timed,,XGE,spells-xge.json,
Shillelagh,0.0,T,1 bonus,,"s,v",timed,,PHB,spells-phb.json,
Shillelagh,0.0,T,1 bonus,,"s,v",timed,,XPHB,spells-xphb.json,
Shocking Grasp,0.0,V,1 action,,"s,v",instant,,PHB,spells-phb.json,
Shocking Grasp,0.0,V,1 action,,"s,v",instant,,XPHB,spells-xphb.json,
Sorcerous Burst,0.0,V,1 action,120.0,"s,v",instant,,XPHB,spells-xphb.json,
Spare the Dying,0.0,N,1 action,,"s,v",instant,,PHB,spells-phb.json,
Spare the Dying,0.0,N,1 action,15.0,"s,v",instant,,XPHB,spells-xphb.json,
Starry Wisp,0.0,V,1 action,60.0,"s,v",instant,,XPHB,spells-xphb.json,
Sword Burst,0.0,C,1 action,5.0,v,instant,,TCE,spells-tce.json,
Thaumaturgy,0.0,T,1 action,30.0,v,timed,,PHB,spells-phb.json,
Thaumaturgy,0.0,T,1 action,30.0,v,timed,,XPHB,spells-xphb.json,
Thorn Whip,0.0,T,1 action,30.0,"s,v",instant,,PHB,spells-phb.json,
Thorn Whip,0.0,T,1 action,30.0,"s,v",instant,,XPHB,spells-xphb.json,
Thunderclap,0.0,V,1 action,5.0,s,instant,,XGE,spells-xge.json,
Thunderclap,0.0,V,1 action,5.0,s,instant,,XPHB,spells-xphb.json,
Toll the Dead,0.0,N,1 action,60.0,"s,v",instant,,XGE,spells-xge.json,
Toll the Dead,0.0,N,1 action,60.0,"s,v",instant,,XPHB,spells-xphb.json,
True Strike,0.0,D,1 action,30.0,s,timed,,PHB,spells-phb.json,
True Strike,0.0,D,1 action,,s,instant,,XPHB,spells-xphb.json,
Vicious Mockery,0.0,E,1 action,60.0,v,instant,,PHB,spells-phb.json,
Vicious Mockery,0.0,E,1 action,60.0,v,instant,,XPHB,spells-xphb.json,
Word of Radiance,0.0,V,1 action,5.0,v,instant,,XGE,spells-xge.json,
Word of Radiance,0.0,V,1 action,5.0,v,instant,,XPHB,spells-xphb.json,
Absorb Elements,1.0,A,1 reaction,,s,timed,,XGE,spells-xge.json,
Alarm,1.0,A,1 minute,30.0,"s,v",timed,,PHB,spells-phb.json,
Alarm,1.0,A,1 minute,30.0,"s,v",timed,,XPHB,spells-xphb.json,
Animal Friendship,1.0,E,1 action,30.0,"s,v",timed,,PHB,spells-phb.json,
Animal Friendship,1.0,E,1 action,30.0,"s,v",timed,,XPHB,spells-xphb.json,
Armor of Agathys,1.0,A,1 action,,"s,v",timed,,PHB,spells-phb.json,
Armor of Agathys,1.0,A,1 bonus,,"s,v",timed,,XPHB,spells-xphb.json,
Arms of Hadar,1.0,C,1 action,10.0,"s,v",instant,,PHB,spells-phb.json,
Arms of Hadar,1.0,C,1 action,10.0,"s,v",instant,,XPHB,spells-xphb.json,
Bane,1.0,E,1 action,30.0,"s,v",timed,,PHB,spells-phb.json,
Bane,1.0,E,1 action,30.0,"s,v",timed,,XPHB,spells-xphb.json,
Beast Bond,1.0,D,1 action,,"s,v",timed,,XGE,spells-xge.json,
Bless,1.0,E,1 action,30.0,"s,v",timed,,PHB,spells-phb.json,
Bless,1.0,E,1 action,30.0,"s,v",timed,,XPHB,spells-xphb.json,
Burning Hands,1.0,V,1 action,15.0,"s,v",instant,,PHB,spells-phb.json,
Burning Hands,1.0,V,1 action,15.0,"s,v",instant,,XPHB,spells-xphb.json,
Catapult,1.0,T,1 action,60.0,s,instant,,XGE,spells-xge.json,
Cause Fear,1.0,N,1 action,60.0,v,timed,,XGE,spells-xge.json,
Ceremony,1.0,A,1 hour,,"s,v",instant,,XGE,spells-xge.json,
Chaos Bolt,1.0,V,1 action,120.0,"s,v",instant,,XGE,spells-xge.json,
Charm Person,1.0,E,1 action,30.0,"s,v",timed,,PHB,spells-phb.json,
Charm Person,1.0,E,1 action,30.0,"s,v",timed,,XPHB,spells-xphb.json,
Chromatic Orb,1.0,V,1 action,90.0,"s,v",instant,,PHB,spells-phb.json,
Chromatic Orb,1.0,V,1 action,90.0,"s,v",instant,,XPHB,spells-xphb.json,
Color Spray,1.0,I,1 action,15.0,"s,v",timed,,PHB,spells-phb.json,
Color Spray,1.0,I,1 action,15.0,"s,v",instant,,XPHB,spells-xphb.json,
Command,1.0,E,1 action,60.0,v,timed,,PHB,spells-phb.json,
Command,1.0,E,1 action,60.0,v,instant,,XPHB,spells-xphb.json,
Compelled Duel,1.0,E,1 bonus,30.0,v,timed,,PHB,spells-phb.json,
Compelled Duel,1.0,E,1 bonus,30.0,v,timed,,XPHB,spells-xphb.json,
Comprehend Languages,1.0,D,1 action,,"s,v",timed,,PHB,spells-phb.json,
Comprehend Languages,1.0,D,1 action,,"s,v",timed,,XPHB,spells-xphb.json,
Create or Destroy Water,1.0,T,1 action,30.0,"s,v",instant,,PHB,spells-phb.json,
Create or Destroy Water,1.0,T,1 action,30.0,"s,v",instant,,XPHB,spells-xphb.json,
Cure Wounds,1.0,V,1 action,,"s,v",instant,,PHB,spells-phb.json,
Cure Wounds,1.0,A,1 action,,"s,v",instant,,XPHB,spells-xphb.json,
Detect Evil and Good,1.0,D,1 action,,"s,v",timed,,PHB,spells-phb.json,
Detect Evil and Good,1.0,D,1 action,30.0,"s,v",timed,,XPHB,spells-xphb.json,
Detect Magic,1.0,D,1 action,,"s,v",timed,,PHB,spells-phb.json,
Detect Magic,1.0,D,1 action,30.0,"s,v",timed,,XPHB,spells-xphb.json,
Detect Poison and Disease,1.0,D,1 action,,"s,v",timed,,PHB,spells-phb.json,
Detect Poison and Disease,1.0,D,1 action,30.0,"s,v",timed,,XPHB,spells-xphb.json,
Disguise Self,1.0,I,1 action,,"s,v",timed,,PHB,spells-phb.json,
Disguise Self,1.0,I,1 action,,"s,v",timed,,XPHB,spells-xphb.json,
Dissonant Whispers,1.0,E,1 action,60.0,v,instant,,PHB,spells-phb.json,
Dissonant Whispers,1.0,E,1 action,60.0,v,instant,,XPHB,spells-xphb.json,
Distort Value,1.0,I,1 minute,,v,timed,,AI,spells-ai.json,
Divine Favor,1.0,V,1 bonus,,"s,v",timed,,PHB,spells-phb.json,
Divine Favor,1.0,T,1 bonus,,"s,v",timed,,XPHB,spells-xphb.json,
Divine Smite,1.0,V,1 bonus,,v,instant,,XPHB,spells-xphb.json,
Earth Tremor,1.0,V,1 action,10.0,"s,v",instant,,XGE,spells-xge.json,
Ensnaring Strike,1.0,C,1 bonus,,v,timed,,PHB,spells-phb.json,
Ensnaring Strike,1.0,C,1 bonus,,v,timed,,XPHB,spells-xphb.json,
Entangle,1.0,C,1 action,90.0,"s,v",timed,,PHB,spells-phb.json,
Entangle,1.0,C,1 action,90.0,"s,v",timed,,XPHB,spells-xphb.json,
Expeditious Retreat,1.0,T,1 bonus,,"s,v",timed,,PHB,spells-phb.json,
Expeditious Retreat,1.0,T,1 bonus,,"s,v",timed,,XPHB,spells-xphb.json,
Faerie Fire,1.0,V,1 action,60.0,v,timed,,PHB,spells-phb.json,
Faerie Fire,1.0,V,1 action,60.0,v,timed,,XPHB,spells-xphb.json,
False Life,1.0,N,1 action,,"s,v",timed,,PHB,spells-phb.json,
False Life,1.0,N,1 action,,"s,v",instant,,XPHB,spells-xphb.json,
Feather Fall,1.0,T,1 reaction,60.0,v,timed,,PHB,spells-phb.json,
Feather Fall,1.0,T,1 reaction,60.0,v,timed,,XPHB,spells-xphb.json,
Find Familiar,1.0,C,1 hour,10.0,"s,v",instant,,PHB,spells-phb.json,
Find Familiar,1.0,C,1 hour,10.0,"s,v",instant,,XPHB,spells-xphb.json,
Fog Cloud,1.0,C,1 action,120.0,"s,v",timed,,PHB,spells-phb.json,
Fog Cloud,1.0,C,1 action,120.0,"s,v",timed,,XPHB,spells-xphb.json,
Frost Fingers,1.0,V,1 action,15.0,"s,v",instant,,IDRotF,spells-idrotf.json,
Gift of Alacrity,1.0,D,1 minute,,"s,v",timed,,EGW,spells-egw.json,
Goodberry,1.0,T,1 action,,"s,v",instant,,PHB,spells-phb.json,
Goodberry,1.0,C,1 action,,"s,v",timed,,XPHB,spells-xphb.json,
Grease,1.0,C,1 action,60.0,"s,v",timed,,PHB,spells-phb.json,
Grease,1.0,C,1 action,60.0,"s,v",timed,,XPHB,spells-xphb.json,
Guiding Bolt,1.0,V,1 action,120.0,"s,v",timed,,PHB,spells-phb.json,
Guiding Bolt,1.0,V,1 action,120.0,"s,v",timed,,XPHB,spells-xphb.json,
Hail of Thorns,1.0,C,1 bonus,,v,timed,,PHB,spells-phb.json,
Hail of Thorns,1.0,C,1 bonus,,v,instant,,XPHB,spells-xphb.json,
Healing Word,1.0,V,1 bonus,60.0,v,instant,,PHB,spells-phb.json,
Healing Word,1.0,A,1 bonus,60.0,v,instant,,XPHB,spells-xphb.json,
Hellish Rebuke,1.0,V,1 reaction,60.0,"s,v",instant,,PHB,spells-phb.json,
Hellish Rebuke,1.0,V,1 reaction,60.0,"s,v",instant,,XPHB,spells-xphb.json,
Heroism,1.0,E,1 action,,"s,v",timed,,PHB,spells-phb.json,
Heroism,1.0,E,1 action,,"s,v",timed,,XPHB,spells-xphb.json,
Hex,1.0,E,1 bonus,90.0,"s,v",timed,,PHB,spells-phb.json,
Hex,1.0,E,1 bonus,90.0,"s,v",timed,,XPHB,spells-xphb.json,
Hunter's Mark,1.0,D,1 bonus,90.0,v,timed,,PHB,spells-phb.json,
Hunter's Mark,1.0,D,1 bonus,90.0,v,timed,,XPHB,spells-xphb.json,
Ice Knife,1.0,C,1 action,60.0,s,instant,,XGE,spells-xge.json,
Ice Knife,1.0,C,1 action,60.0,s,instant,,XPHB,spells-xphb.json,
Identify,1.0,D,1 minute,,"s,v",instant,,PHB,spells-phb.json,
Identify,1.0,D,1 minute,,"s,v",instant,,XPHB,spells-xphb.json,
Illusory Script,1.0,I,1 minute,,s,timed,,PHB,spells-phb.json,
Illusory Script,1.0,I,1 minute,,s,timed,,XPHB,spells-xphb.json,
Inflict Wounds,1.0,N,1 action,,"s,v",instant,,PHB,spells-phb.json,
Inflict Wounds,1.0,N,1 action,,"s,v",instant,,XPHB,spells-xphb.json,
Jim's Magic Missile,1.0,V,1 action,120.0,"r,s,v",instant,,AI,spells-ai.json,
Jump,1.0,T,1 action,,"s,v",timed,,PHB,spells-phb.json,
Jump,1.0,T,1 bonus,,"s,v",timed,,XPHB,spells-xphb.json,
Longstrider,1.0,T,1 action,,"s,v",timed,,PHB,spells-phb.json,
Longstrider,1.0,T,1 action,,"s,v",timed,,XPHB,spells-xphb.json,
Mage Armor,1.0,A,1 action,,"s,v",timed,,PHB,spells-phb.json,
Mage Armor,1.0,A,1 action,,"s,v",timed,,XPHB,spells-xphb.json,
Magic Missile,1.0,V,1 action,120.0,"s,v",instant,,PHB,spells-phb.json,
Magic Missile,1.0,V,1 action,120.0,"s,v",instant,,XPHB,spells-xphb.json,
Magnify Gravity,1.0,T,1 action,60.0,"s,v",timed,,EGW,spells-egw.json,
Protection from Evil and Good,1.0,A,1 action,,"s,v",timed,,PHB,spells-phb.json,
Protection from Evil and Good,1.0,A,1 action,,"s,v",timed,,XPHB,spells-xphb.json,
Purify Food and Drink,1.0,T,1 action,10.0,"s,v",instant,,PHB,spells-phb.json,
Purify Food and Drink,1.0,T,1 action,10.0,"s,v",instant,,XPHB,spells-xphb.json,
Ray of Sickness,1.0,N,1 action,60.0,"s,v",instant,,PHB,spells-phb.json,
Ray of Sickness,1.0,N,1 action,60.0,"s,v",instant,,XPHB,spells-xphb.json,
Sanctuary,1.0,A,1 bonus,30.0,"s,v",timed,,PHB,spells-phb.json,
Sanctuary,1.0,A,1 bonus,30.0,"s,v",timed,,XPHB,spells-xphb.json,
Searing Smite,1.0,V,1 bonus,,v,timed,,PHB,spells-phb.json,
Searing Smite,1.0,V,1 bonus,,v,timed,,XPHB,spells-xphb.json,
Shield,1.0,A,1 reaction,,"s,v",timed,,PHB,spells-phb.json,
Shield,1.0,A,1 reaction,,"s,v",timed,,XPHB,spells-xphb.json,
Shield of Faith,1.0,A,1 bonus,60.0,"s,v",timed,,PHB,spells-phb.json,
Shield of Faith,1.0,A,1 bonus,60.0,"s,v",timed,,XPHB,spells-xphb.json,
Silent Image,1.0,I,1 action,60.0,"s,v",timed,,PHB,spells-phb.json,
Silent Image,1.0,I,1 action,60.0,"s,v",timed,,XPHB,spells-xphb.json,
Silvery Barbs,1.0,E,1 reaction,60.0,v,instant,,SCC,spells-scc.json,
Sleep,1.0,E,1 action,90.0,"s,v",timed,,PHB,spells-phb.json,
Sleep,1.0,E,1 action,60.0,"s,v",timed,,XPHB,spells-xphb.json,
Snare,1.0,A,1 minute,,s,timed,,XGE,spells-xge.json,
Speak with Animals,1.0,D,1 action,,"s,v",timed,,PHB,spells-phb.json,
Speak with Animals,1.0,D,1 action,,"s,v",timed,,XPHB,spells-xphb.json,
Tasha's Caustic Brew,1.0,V,1 action,30.0,"s,v",timed,,TCE,spells-tce.json,
Tasha's Hideous Laughter,1.0,E,1 action,30.0,"s,v",timed,,PHB,spells-phb.json,
Tasha's Hideous Laughter,1.0,E,1 action,30.0,"s,v",timed,,XPHB,spells-xphb.json,
Tenser's Floating Disk,1.0,C,1 action,30.0,"s,v",timed,,PHB,spells-phb.json,
Tenser's Floating Disk,1.0,C,1 action,30.0,"s,v",timed,,XPHB,spells-xphb.json,
Thunderous Smite,1.0,V,1 bonus,,v,timed,,PHB,spells-phb.json,
Thunderous Smite,1.0,V,1 bonus,,v,instant,,XPHB,spells-xphb.json,
Thunderwave,1.0,V,1 action,15.0,"s,v",instant,,PHB,spells-phb.json,
Thunderwave,1.0,V,1 action,15.0,"s,v",instant,,XPHB,spells-xphb.json,
Unseen Servant,1.0,C,1 action,60.0,"s,v",timed,,PHB,spells-phb.json,
Unseen Servant,1.0,C,1 action,60.0,"s,v",timed,,XPHB,spells-xphb.json,
Witch Bolt,1.0,V,1 action,30.0,"s,v",timed,,PHB,spells-phb.json,
Witch Bolt,1.0,V,1 action,60.0,"s,v",timed,,XPHB,spells-xphb.json,
Wrathful Smite,1.0,V,1 bonus,,v,timed,,PHB,spells-phb.json,
Wrathful Smite,1.0,N,1 bonus,,v,timed,,XPHB,spells-xphb.json,
Zephyr Strike,1.0,T,1 bonus,,v,timed,,XGE,spells-xge.json,
Aganazzar's Scorcher,2.0,V,1 action,30.0,"s,v",instant,,XGE,spells-xge.json,
Aid,2.0,A,1 action,30.0,"s,v",timed,,PHB,spells-phb.json,
Aid,2.0,A,1 action,30.0,"s,v",timed,,XPHB,spells-xphb.json,
Air Bubble,2.0,C,1 action,60.0,s,timed,,AAG,spells-aag.json,
Alter Self,2.0,T,1 action,,"s,v",timed,,PHB,spells-phb.json,
Alter Self,2.0,T,1 action,,"s,v",timed,,XPHB,spells-xphb.json,
Animal Messenger,2.0,E,1 action,30.0,"s,v",timed,,PHB,spells-phb.json,
Animal Messenger,2.0,E,1 action,30.0,"s,v",timed,,XPHB,spells-xphb.json,
Arcane Lock,2.0,A,1 action,,"s,v",permanent,,PHB,spells-phb.json,
Arcane Lock,2.0,A,1 action,,"s,v",permanent,,XPHB,spells-xphb.json,
Arcane Vigor,2.0,A,1 bonus,,"s,v",instant,,XPHB,spells-xphb.json,
Augury,2.0,D,1 minute,,"s,v",instant,,PHB,spells-phb.json,
Augury,2.0,D,1 minute,,"s,v",instant,,XPHB,spells-xphb.json,
Barkskin,2.0,T,1 action,,"s,v",timed,,PHB,spells-phb.json,
Barkskin,2.0,T,1 bonus,,"s,v",timed,,XPHB,spells-xphb.json,
Beast Sense,2.0,D,1 action,,s,timed,,PHB,spells-phb.json,
Beast Sense,2.0,D,1 action,,s,timed,,XPHB,spells-xphb.json,
Blindness/Deafness,2.0,N,1 action,30.0,v,timed,,PHB,spells-phb.json,
Blindness/Deafness,2.0,T,1 action,120.0,v,timed,,XPHB,spells-xphb.json,
Blur,2.0,I,1 action,,v,timed,,PHB,spells-phb.json,
Blur,2.0,I,1 action,,v,timed,,XPHB,spells-xphb.json,
Borrowed Knowledge,2.0,D,1 action,,"s,v",timed,,SCC,spells-scc.json,
Branding Smite,2.0,V,1 bonus,,v,timed,,PHB,spells-phb.json,
Calm Emotions,2.0,E,1 action,60.0,"s,v",timed,,PHB,spells-phb.json,
Calm Emotions,2.0,E,1 action,60.0,"s,v",timed,,XPHB,spells-xphb.json,
Cloud of Daggers,2.0,C,1 action,60.0,"s,v",timed,,PHB,spells-phb.json,
Cloud of Daggers,2.0,C,1 action,60.0,"s,v",timed,,XPHB,spells-xphb.json,
Continual Flame,2.0,V,1 action,,"s,v",permanent,,PHB,spells-phb.json,
Continual Flame,2.0,V,1 action,,"s,v",permanent,,XPHB,spells-xphb.json,
Cordon of Arrows,2.0,T,1 action,5.0,"s,v",timed,,PHB,spells-phb.json,
Cordon of Arrows,2.0,T,1 action,,"s,v",timed,,XPHB,spells-xphb.json,
Crown of Madness,2.0,E,1 action,120.0,"s,v",timed,,PHB,spells-phb.json,
Crown of Madness,2.0,E,1 action,120.0,"s,v",timed,,XPHB,spells-xphb.json,
Darkness,2.0,V,1 action,60.0,v,timed,,PHB,spells-phb.json,
Darkness,2.0,V,1 action,60.0,v,timed,,XPHB,spells-xphb.json,
Darkvision,2.0,T,1 action,,"s,v",timed,,PHB,spells-phb.json,
Darkvision,2.0,T,1 action,,"s,v",timed,,XPHB,spells-xphb.json,
Detect Thoughts,2.0,D,1 action,,"s,v",timed,,PHB,spells-phb.json,
Detect Thoughts,2.0,D,1 action,,"s,v",timed,,XPHB,spells-xphb.json,
Dragon's Breath,2.0,T,1 bonus,,"s,v",timed,,XGE,spells-xge.json,
Dragon's Breath,2.0,T,1 bonus,,"s,v",timed,,XPHB,spells-xphb.json,
Dust Devil,2.0,C,1 action,60.0,"s,v",timed,,XGE,spells-xge.json,
Earthbind,2.0,T,1 action,300.0,v,timed,,XGE,spells-xge.json,
Enhance Ability,2.0,T,1 action,,"s,v",timed,,PHB,spells-phb.json,
Enhance Ability,2.0,T,1 action,,"s,v",timed,,XPHB,spells-xphb.json,
Enlarge/Reduce,2.0,T,1 action,30.0,"s,v",timed,,PHB,spells-phb.json,
Enlarge/Reduce,2.0,T,1 action,30.0,"s,v",timed,,XPHB,spells-xphb.json,
Enthrall,2.0,E,1 action,60.0,"s,v",timed,,PHB,spells-phb.json,
Enthrall,2.0,E,1 action,60.0,"s,v",timed,,XPHB,spells-xphb.json,
Find Steed,2.0,C,10 minute,30.0,"s,v",instant,,PHB,spells-phb.json,
Find Steed,2.0,C,1 action,30.0,"s,v",instant,,XPHB,spells-xphb.json,
Find Traps,2.0,D,1 action,120.0,"s,v",instant,,PHB,spells-phb.json,
Find Traps,2.0,D,1 action,120.0,"s,v",instant,,XPHB,spells-xphb.json,
Flame Blade,2.0,V,1 bonus,,"s,v",timed,,PHB,spells-phb.json,
Flame Blade,2.0,V,1 bonus,,"s,v",timed,,XPHB,spells-xphb.json,
Flaming Sphere,2.0,C,1 action,60.0,"s,v",timed,,PHB,spells-phb.json,
Flaming Sphere,2.0,C,1 action,60.0,"s,v",timed,,XPHB,spells-xphb.json,
Flock of Familiars,2.0,C,1 minute,,"s,v",timed,,LLK,spells-llk.json,
Fortune's Favor,2.0,D,1 minute,60.0,"s,v",timed,,EGW,spells-egw.json,
Gentle Repose,2.0,N,1 action,,"s,v",timed,,PHB,spells-phb.json,
Gentle Repose,2.0,N,1 action,,"s,v",timed,,XPHB,spells-xphb.json,
Gift of Gab,2.0,E,1 reaction,,"r,s,v",instant,,AI,spells-ai.json,
Gust of Wind,2.0,V,1 action,60.0,"s,v",timed,,PHB,spells-phb.json,
Gust of Wind,2.0,V,1 action,,"s,v",timed,,XPHB,spells-xphb.json,
Healing Spirit,2.0,C,1 bonus,60.0,"s,v",timed,,XGE,spells-xge.json,
Heat Metal,2.0,T,1 action,60.0,"s,v",timed,,PHB,spells-phb.json,
Heat Metal,2.0,T,1 action,60.0,"s,v",timed,,XPHB,spells-xphb.json,
Hold Person,2.0,E,1 action,60.0,"s,v",timed,,PHB,spells-phb.json,
Hold Person,2.0,E,1 action,60.0,"s,v",timed,,XPHB,spells-xphb.json,
Immovable Object,2.0,T,1 action,,"s,v",timed,,EGW,spells-egw.json,
Invisibility,2.0,I,1 action,,"s,v",timed,,PHB,spells-phb.json,
Invisibility,2.0,I,1 action,,"s,v",timed,,XPHB,spells-xphb.json,
Jim's Glowing Coin,2.0,E,1 action,60.0,"r,s",timed,,AI,spells-ai.json,
Kinetic Jaunt,2.0,T,1 bonus,,s,timed,,SCC,spells-scc.json,
Knock,2.0,T,1 action,60.0,v,instant,,PHB,spells-phb.json,
Knock,2.0,T,1 action,60.0,v,instant,,XPHB,spells-xphb.json,
Lesser Restoration,2.0,A,1 action,,"s,v",instant,,PHB,spells-phb.json,
Lesser Restoration,2.0,A,1 bonus,,"s,v",instant,,XPHB,spells-xphb.json,
Levitate,2.0,T,1 action,60.0,"s,v",timed,,PHB,spells-phb.json,
Levitate,2.0,T,1 action,60.0,"s,v",timed,,XPHB,spells-xphb.json,
Locate Animals or Plants,2.0,D,1 action,,"s,v",instant,,PHB,spells-phb.json,
Locate Animals or Plants,2.0,D,1 action,,"s,v",instant,,XPHB,spells-xphb.json,
Locate Object,2.0,D,1 action,,"s,v",timed,,PHB,spells-phb.json,
Locate Object,2.0,D,1 action,,"s,v",timed,,XPHB,spells-xphb.json,
Magic Mouth,2.0,I,1 minute,30.0,"s,v",permanent,,PHB,spells-phb.json,
Magic Mouth,2.0,I,1 minute,30.0,"s,v",permanent,,XPHB,spells-xphb.json,
Magic Weapon,2.0,T,1 bonus,,"s,v",timed,,PHB,spells-phb.json,
Magic Weapon,2.0,T,1 bonus,,"s,v",timed,,XPHB,spells-xphb.json,
Maximilian's Earthen Grasp,2.0,T,1 action,30.0,"s,v",timed,,XGE,spells-xge.json,
Melf's Acid Arrow,2.0,V,1 action,90.0,"s,v",instant,,PHB,spells-phb.json,
Melf's Acid Arrow,2.0,V,1 action,90.0,"s,v",instant,,XPHB,spells-xphb.json,
Mind Spike,2.0,D,1 action,60.0,s,timed,,XGE,spells-xge.json,
Mind Spike,2.0,D,1 action,120.0,s,timed,,XPHB,spells-xphb.json,
Mirror Image,2.0,I,1 action,,"s,v",timed,,PHB,spells-phb.json,
Mirror Image,2.0,I,1 action,,"s,v",timed,,XPHB,spells-xphb.json,
Misty Step,2.0,C,1 bonus,,v,instant,,PHB,spells-phb.json,
Misty Step,2.0,C,1 bonus,,v,instant,,XPHB,spells-xphb.json,
Moonbeam,2.0,V,1 action,120.0,"s,v",timed,,PHB,spells-phb.json,
Moonbeam,2.0,V,1 action,120.0,"s,v",timed,,XPHB,spells-xphb.json,
Nathair's Mischief,2.0,I,1 action,60.0,s,timed,,FTD,spells-ftd.json,
Nystul's Magic Aura,2.0,I,1 action,,"s,v",timed,,PHB,spells-phb.json,
Nystul's Magic Aura,2.0,I,1 action,,"s,v",timed,,XPHB,spells-xphb.json,
Pass without Trace,2.0,A,1 action,,"s,v",timed,,PHB,spells-phb.json,
Pass without Trace,2.0,A,1 action,30.0,"s,v",timed,,XPHB,spells-xphb.json,
Phantasmal Force,2.0,I,1 action,60.0,"s,v",timed,,PHB,spells-phb.json,
Phantasmal Force,2.0,I,1 action,60.0,"s,v",timed,,XPHB,spells-xphb.json,
Prayer of Healing,2.0,V,10 minute,30.0,v,instant,,PHB,spells-phb.json,
Prayer of Healing,2.0,A,10 minute,30.0,v,instant,,XPHB,spells-xphb.json,
Protection from Poison,2.0,A,1 action,,"s,v",timed,,PHB,spells-phb.json,
Protection from Poison,2.0,A,1 action,,"s,v",timed,,XPHB,spells-xphb.json,
Pyrotechnics,2.0,T,1 action,60.0,"s,v",instant,,XGE,spells-xge.json,
Ray of Enfeeblement,2.0,N,1 action,60.0,"s,v",timed,,PHB,spells-phb.json,
Ray of Enfeeblement,2.0,N,1 action,60.0,"s,v",timed,,XPHB,spells-xphb.json,
Rime's Binding Ice,2.0,V,1 action,30.0,s,instant,,FTD,spells-ftd.json,
Rope Trick,2.0,T,1 action,,"s,v",timed,,PHB,spells-phb.json,
Rope Trick,2.0,T,1 action,,"s,v",timed,,XPHB,spells-xphb.json,
Scorching Ray,2.0,V,1 action,120.0,"s,v",instant,,PHB,spells-phb.json,
Scorching Ray,2.0,V,1 action,120.0,"s,v",instant,,XPHB,spells-xphb.json,
See Invisibility,2.0,D,1 action,,"s,v",timed,,PHB,spells-phb.json,
See Invisibility,2.0,D,1 action,,"s,v",timed,,XPHB,spells-xphb.json,
Shadow Blade,2.0,I,1 bonus,,"s,v",timed,,XGE,spells-xge.json,
Shatter,2.0,V,1 action,60.0,"s,v",instant,,PHB,spells-phb.json,
Shatter,2.0,V,1 action,60.0,"s,v",instant,,XPHB,spells-xphb.json,
Shining Smite,2.0,T,1 bonus,,v,timed,,XPHB,spells-xphb.json,
Silence,2.0,I,1 action,120.0,"s,v",timed,,PHB,spells-phb.json,
Silence,2.0,I,1 action,120.0,"s,v",timed,,XPHB,spells-xphb.json,
Skywrite,2.0,T,1 action,,"s,v",timed,,XGE,spells-xge.json,
Snilloc's Snowball Swarm,2.0,V,1 action,90.0,"s,v",instant,,XGE,spells-xge.json,
Spider Climb,2.0,T,1 action,,"s,v",timed,,PHB,spells-phb.json,
Spider Climb,2.0,T,1 action,,"s,v",timed,,XPHB,spells-xphb.json,
Spike Growth,2.0,T,1 action,150.0,"s,v",timed,,PHB,spells-phb.json,
Spike Growth,2.0,T,1 action,150.0,"s,v",timed,,XPHB,spells-xphb.json,
Spiritual Weapon,2.0,V,1 bonus,60.0,"s,v",timed,,PHB,spells-phb.json,
Spiritual Weapon,2.0,V,1 bonus,60.0,"s,v",timed,,XPHB,spells-xphb.json,
Spray of Cards,2.0,C,1 action,15.0,"s,v",instant,,BMT,spells-bmt.json,
Suggestion,2.0,E,1 action,30.0,v,timed,,PHB,spells-phb.json,
Suggestion,2.0,E,1 action,30.0,v,timed,,XPHB,spells-xphb.json,
Summon Beast,2.0,C,1 action,90.0,"s,v",timed,,TCE,spells-tce.json,
Summon Beast,2.0,C,1 action,90.0,"s,v",timed,,XPHB,spells-xphb.json,
Tasha's Mind Whip,2.0,E,1 action,90.0,v,timed,,TCE,spells-tce.json,
Vortex Warp,2.0,C,1 action,90.0,"s,v",instant,,SCC,spells-scc.json,
Warding Bond,2.0,A,1 action,,"s,v",timed,,PHB,spells-phb.json,
Warding Bond,2.0,A,1 action,,"s,v",timed,,XPHB,spells-xphb.json,
Warding Wind,2.0,V,1 action,,v,timed,,XGE,spells-xge.json,
Warp Sense,2.0,D,1 action,,"s,v",timed,,SatO,spells-sato.json,
Web,2.0,C,1 action,60.0,"s,v",timed,,PHB,spells-phb.json,
Web,2.0,C,1 action,60.0,"s,v",timed,,XPHB,spells-xphb.json,
Wither and Bloom,2.0,N,1 action,60.0,"s,v",instant,,SCC,spells-scc.json,
Wristpocket,2.0,C,1 action,,s,timed,,EGW,spells-egw.json,
Zone of Truth,2.0,E,1 action,60.0,"s,v",timed,,PHB,spells-phb.json,
Zone of Truth,2.0,E,1 action,60.0,"s,v",timed,,XPHB,spells-xphb.json,
Animate Dead,3.0,N,1 minute,10.0,"s,v",instant,,PHB,spells-phb.json,
Animate Dead,3.0,N,1 minute,10.0,"s,v",instant,,XPHB,spells-xphb.json,
Antagonize,3.0,E,1 action,30.0,"s,v",instant,,BMT,spells-bmt.json,
Ashardalon's Stride,3.0,T,1 bonus,,"s,v",timed,,FTD,spells-ftd.json,
Aura of Vitality,3.0,V,1 action,30.0,v,timed,,PHB,spells-phb.json,
Aura of Vitality,3.0,A,1 action,30.0,v,timed,,XPHB,spells-xphb.json,
Beacon of Hope,3.0,A,1 action,30.0,"s,v",timed,,PHB,spells-phb.json,
Beacon of Hope,3.0,A,1 action,30.0,"s,v",timed,,XPHB,spells-xphb.json,
Bestow Curse,3.0,N,1 action,,"s,v",timed,,PHB,spells-phb.json,
Bestow Curse,3.0,N,1 action,,"s,v",timed,,XPHB,spells-xphb.json,
Blinding Smite,3.0,V,1 bonus,,v,timed,,PHB,spells-phb.json,
Blinding Smite,3.0,V,1 bonus,,v,timed,,XPHB,spells-xphb.json,
Blink,3.0,T,1 action,,"s,v",timed,,PHB,spells-phb.json,
Blink,3.0,T,1 action,,"s,v",timed,,XPHB,spells-xphb.json,
Call Lightning,3.0,C,1 action,120.0,"s,v",timed,,PHB,spells-phb.json,
Call Lightning,3.0,C,1 action,120.0,"s,v",timed,,XPHB,spells-xphb.json,
Catnap,3.0,E,1 action,30.0,s,timed,,XGE,spells-xge.json,
Clairvoyance,3.0,D,10 minute,1.0,"s,v",timed,,PHB,spells-phb.json,
Clairvoyance,3.0,D,10 minute,1.0,"s,v",timed,,XPHB,spells-xphb.json,
Conjure Animals,3.0,C,1 action,60.0,"s,v",timed,,PHB,spells-phb.json,
Conjure Animals,3.0,C,1 action,60.0,"s,v",timed,,XPHB,spells-xphb.json,
Conjure Barrage,3.0,C,1 action,60.0,"s,v",instant,,PHB,spells-phb.json,
Conjure Barrage,3.0,C,1 action,60.0,"s,v",instant,,XPHB,spells-xphb.json,
Counterspell,3.0,A,1 reaction,60.0,s,instant,,PHB,spells-phb.json,
Counterspell,3.0,A,1 reaction,60.0,s,instant,,XPHB,spells-xphb.json,
Create Food and Water,3.0,C,1 action,30.0,"s,v",instant,,PHB,spells-phb.json,
Create Food and Water,3.0,C,1 action,30.0,"s,v",instant,,XPHB,spells-xphb.json,
Crusader's Mantle,3.0,V,1 action,30.0,v,timed,,PHB,spells-phb.json,
Crusader's Mantle,3.0,V,1 action,30.0,v,timed,,XPHB,spells-xphb.json,
Daylight,3.0,V,1 action,60.0,"s,v",timed,,PHB,spells-phb.json,
Daylight,3.0,V,1 action,60.0,"s,v",timed,,XPHB,spells-xphb.json,
Dispel Magic,3.0,A,1 action,120.0,"s,v",instant,,PHB,spells-phb.json,
Dispel Magic,3.0,A,1 action,120.0,"s,v",instant,,XPHB,spells-xphb.json,
Elemental Weapon,3.0,T,1 action,,"s,v",timed,,PHB,spells-phb.json,
Elemental Weapon,3.0,T,1 action,,"s,v",timed,,XPHB,spells-xphb.json,
Enemies Abound,3.0,E,1 action,120.0,"s,v",timed,,XGE,spells-xge.json,
Erupting Earth,3.0,T,1 action,120.0,"s,v",instant,,XGE,spells-xge.json,
Fast Friends,3.0,E,1 action,30.0,v,timed,,AI,spells-ai.json,
Fear,3.0,I,1 action,30.0,"s,v",timed,,PHB,spells-phb.json,
Fear,3.0,I,1 action,30.0,"s,v",timed,,XPHB,spells-xphb.json,
Feign Death,3.0,N,1 action,,"s,v",timed,,PHB,spells-phb.json,
Feign Death,3.0,N,1 action,,"s,v",timed,,XPHB,spells-xphb.json,
Fireball,3.0,V,1 action,150.0,"s,v",instant,,PHB,spells-phb.json,
Fireball,3.0,V,1 action,150.0,"s,v",instant,,XPHB,spells-xphb.json,
Flame Arrows,3.0,T,1 action,,"s,v",timed,,XGE,spells-xge.json,
Fly,3.0,T,1 action,,"s,v",timed,,PHB,spells-phb.json,
Fly,3.0,T,1 action,,"s,v",timed,,XPHB,spells-xphb.json,
Freedom of the Waves,3.0,C,1 action,120.0,"s,v",instant,,TDCSR,spells-tdcsr.json,
Galder's Tower,3.0,C,10 minute,30.0,"s,v",timed,,LLK,spells-llk.json,
Gaseous Form,3.0,T,1 action,,"s,v",timed,,PHB,spells-phb.json,
Gaseous Form,3.0,T,1 action,,"s,v",timed,,XPHB,spells-xphb.json,
Glyph of Warding,3.0,A,1 hour,,"s,v",permanent,,PHB,spells-phb.json,
Glyph of Warding,3.0,A,1 hour,,"s,v",permanent,,XPHB,spells-xphb.json,
Haste,3.0,T,1 action,30.0,"s,v",timed,,PHB,spells-phb.json,
Haste,3.0,T,1 action,30.0,"s,v",timed,,XPHB,spells-xphb.json,
Hunger of Hadar,3.0,C,1 action,150.0,"s,v",timed,,PHB,spells-phb.json,
Hunger of Hadar,3.0,C,1 action,150.0,"s,v",timed,,XPHB,spells-xphb.json,
Hypnotic Pattern,3.0,I,1 action,120.0,s,timed,,PHB,spells-phb.json,
Hypnotic Pattern,3.0,I,1 action,120.0,s,timed,,XPHB,spells-xphb.json,
Incite Greed,3.0,E,1 action,30.0,"s,v",timed,,AI,spells-ai.json,
Intellect Fortress,3.0,A,1 action,30.0,v,timed,,TCE,spells-tce.json,
Leomund's Tiny Hut,3.0,V,1 minute,10.0,"s,v",timed,,PHB,spells-phb.json,
Leomund's Tiny Hut,3.0,V,1 minute,10.0,"s,v",timed,,XPHB,spells-xphb.json,
Life Transference,3.0,N,1 action,30.0,"s,v",instant,,XGE,spells-xge.json,
Lightning Arrow,3.0,T,1 bonus,,"s,v",timed,,PHB,spells-phb.json,
Lightning Arrow,3.0,T,1 bonus,,"s,v",instant,,XPHB,spells-xphb.json,
Lightning Bolt,3.0,V,1 action,100.0,"s,v",instant,,PHB,spells-phb.json,
Lightning Bolt,3.0,V,1 action,100.0,"s,v",instant,,XPHB,spells-xphb.json,
Linked Glyphs,3.0,A,1 hour,,"s,v",permanent,,AitFR-AVT,spells-aitfr-avt.json,
Magic Circle,3.0,A,1 minute,10.0,"s,v",timed,,PHB,spells-phb.json,
Magic Circle,3.0,A,1 minute,10.0,"s,v",timed,,XPHB,spells-xphb.json,
Major Image,3.0,I,1 action,120.0,"s,v",timed,,PHB,spells-phb.json,
Major Image,3.0,I,1 action,120.0,"s,v",timed,,XPHB,spells-xphb.json,
Mass Healing Word,3.0,V,1 bonus,60.0,v,instant,,PHB,spells-phb.json,
Mass Healing Word,3.0,A,1 bonus,60.0,v,instant,,XPHB,spells-xphb.json,
Meld into Stone,3.0,T,1 action,,"s,v",timed,,PHB,spells-phb.json,
Meld into Stone,3.0,T,1 action,,"s,v",timed,,XPHB,spells-xphb.json,
Melf's Minute Meteors,3.0,V,1 action,,"s,v",timed,,XGE,spells-xge.json,
Motivational Speech,3.0,E,1 minute,60.0,v,timed,,AI,spells-ai.json,
Nondetection,3.0,A,1 action,,"s,v",timed,,PHB,spells-phb.json,
Nondetection,3.0,A,1 action,,"s,v",timed,,XPHB,spells-xphb.json,
Phantom Steed,3.0,I,1 minute,30.0,"s,v",timed,,PHB,spells-phb.json,
Phantom Steed,3.0,I,1 minute,30.0,"s,v",timed,,XPHB,spells-xphb.json,
Plant Growth,3.0,T,1 action; 8 hour,150.0,"s,v",instant,,PHB,spells-phb.json,
Plant Growth,3.0,T,1 action; 8 hour,150.0,"s,v",instant,,XPHB,spells-xphb.json,
Protection from Energy,3.0,A,1 action,,"s,v",timed,,PHB,spells-phb.json,
Protection from Energy,3.0,A,1 action,,"s,v",timed,,XPHB,spells-xphb.json,
Pulse Wave,3.0,V,1 action,30.0,"s,v",instant,,EGW,spells-egw.json,
Remove Curse,3.0,A,1 action,,"s,v",instant,,PHB,spells-phb.json,
Remove Curse,3.0,A,1 action,,"s,v",instant,,XPHB,spells-xphb.json,
Revivify,3.0,N,1 action,,"s,v",instant,,PHB,spells-phb.json,
Revivify,3.0,N,1 action,,"s,v",instant,,XPHB,spells-xphb.json,
Sending,3.0,V,1 action,,"s,v",timed,,PHB,spells-phb.json,
Sending,3.0,D,1 action,,"s,v",instant,,XPHB,spells-xphb.json,
Sleet Storm,3.0,C,1 action,150.0,"s,v",timed,,PHB,spells-phb.json,
Sleet Storm,3.0,C,1 action,150.0,"s,v",timed,,XPHB,spells-xphb.json,
Slow,3.0,T,1 action,120.0,"s,v",timed,,PHB,spells-phb.json,
Slow,3.0,T,1 action,120.0,"s,v",timed,,XPHB,spells-xphb.json,
Speak with Dead,3.0,N,1 action,10.0,"s,v",timed,,PHB,spells-phb.json,
Speak with Dead,3.0,N,1 action,10.0,"s,v",timed,,XPHB,spells-xphb.json,
Speak with Plants,3.0,T,1 action,30.0,"s,v",timed,,PHB,spells-phb.json,
Speak with Plants,3.0,T,1 action,30.0,"s,v",timed,,XPHB,spells-xphb.json,
Spirit Guardians,3.0,C,1 action,15.0,"s,v",timed,,PHB,spells-phb.json,
Spirit Guardians,3.0,C,1 action,15.0,"s,v",timed,,XPHB,spells-xphb.json,
Spirit Shroud,3.0,N,1 bonus,,"s,v",timed,,TCE,spells-tce.json,
Stinking Cloud,3.0,C,1 action,90.0,"s,v",timed,,PHB,spells-phb.json,
Stinking Cloud,3.0,C,1 action,90.0,"s,v",timed,,XPHB,spells-xphb.json,
Summon Fey,3.0,C,1 action,90.0,"s,v",timed,,TCE,spells-tce.json,
Summon Fey,3.0,C,1 action,90.0,"s,v",timed,,XPHB,spells-xphb.json,
Summon Lesser Demons,3.0,C,1 action,60.0,"s,v",timed,,XGE,spells-xge.json,
Summon Shadowspawn,3.0,C,1 action,90.0,"s,v",timed,,TCE,spells-tce.json,
Summon Undead,3.0,N,1 action,90.0,"s,v",timed,,TCE,spells-tce.json,
Summon Undead,3.0,N,1 action,90.0,"s,v",timed,,XPHB,spells-xphb.json,
Thunder Step,3.0,C,1 action,90.0,v,instant,,XGE,spells-xge.json,
Tidal Wave,3.0,C,1 action,120.0,"s,v",instant,,XGE,spells-xge.json,
Tiny Servant,3.0,T,1 minute,,"s,v",timed,,XGE,spells-xge.json,
Tongues,3.0,D,1 action,,v,timed,,PHB,spells-phb.json,
Tongues,3.0,D,1 action,,v,timed,,XPHB,spells-xphb.json,
Vampiric Touch,3.0,N,1 action,,"s,v",timed,,PHB,spells-phb.json,
Vampiric Touch,3.0,N,1 action,,"s,v",timed,,XPHB,spells-xphb.json,
Wall of Sand,3.0,V,1 action,90.0,"s,v",timed,,XGE,spells-xge.json,
Wall of Water,3.0,V,1 action,60.0,"s,v",timed,,XGE,spells-xge.json,
Water Breathing,3.0,T,1 action,30.0,"s,v",timed,,PHB,spells-phb.json,
Water Breathing,3.0,T,1 action,30.0,"s,v",timed,,XPHB,spells-xphb.json,
Water Walk,3.0,T,1 action,30.0,"s,v",timed,,PHB,spells-phb.json,
Water Walk,3.0,T,1 action,30.0,"s,v",timed,,XPHB,spells-xphb.json,
Wind Wall,3.0,V,1 action,120.0,"s,v",timed,,PHB,spells-phb.json,
Wind Wall,3.0,V,1 action,120.0,"s,v",timed,,XPHB,spells-xphb.json,
Arcane Eye,4.0,D,1 action,30.0,"s,v",timed,,PHB,spells-phb.json,
Arcane Eye,4.0,D,1 action,30.0,"s,v",timed,,XPHB,spells-xphb.json,
Aura of Life,4.0,A,1 action,30.0,v,timed,,PHB,spells-phb.json,
Aura of Life,4.0,A,1 action,30.0,v,timed,,XPHB,spells-xphb.json,
Aura of Purity,4.0,A,1 action,30.0,v,timed,,PHB,spells-phb.json,
Aura of Purity,4.0,A,1 action,30.0,v,timed,,XPHB,spells-xphb.json,
Banishment,4.0,A,1 action,60.0,"s,v",timed,,PHB,spells-phb.json,
Banishment,4.0,A,1 action,30.0,"s,v",timed,,XPHB,spells-xphb.json,
Blight,4.0,N,1 action,30.0,"s,v",instant,,PHB,spells-phb.json,
Blight,4.0,N,1 action,30.0,"s,v",instant,,XPHB,spells-xphb.json,
Charm Monster,4.0,E,1 action,30.0,"s,v",timed,,XGE,spells-xge.json,
Charm Monster,4.0,E,1 action,30.0,"s,v",timed,,XPHB,spells-xphb.json,
Compulsion,4.0,E,1 action,30.0,"s,v",timed,,PHB,spells-phb.json,
Compulsion,4.0,E,1 action,30.0,"s,v",timed,,XPHB,spells-xphb.json,
Confusion,4.0,E,1 action,90.0,"s,v",timed,,PHB,spells-phb.json,
Confusion,4.0,E,1 action,90.0,"s,v",timed,,XPHB,spells-xphb.json,
Conjure Minor Elementals,4.0,C,1 minute,90.0,"s,v",timed,,PHB,spells-phb.json,
Conjure Minor Elementals,4.0,C,1 action,15.0,"s,v",timed,,XPHB,spells-xphb.json,
Conjure Woodland Beings,4.0,C,1 action,60.0,"s,v",timed,,PHB,spells-phb.json,
Conjure Woodland Beings,4.0,C,1 action,10.0,"s,v",timed,,XPHB,spells-xphb.json,
Control Water,4.0,T,1 action,300.0,"s,v",timed,,PHB,spells-phb.json,
Control Water,4.0,T,1 action,300.0,"s,v",timed,,XPHB,spells-xphb.json,
Death Ward,4.0,A,1 action,,"s,v",timed,,PHB,spells-phb.json,
Death Ward,4.0,A,1 action,,"s,v",timed,,XPHB,spells-xphb.json,
Dimension Door,4.0,C,1 action,500.0,v,instant,,PHB,spells-phb.json,
Dimension Door,4.0,C,1 action,500.0,v,instant,,XPHB,spells-xphb.json,
Divination,4.0,D,1 action,,"s,v",instant,,PHB,spells-phb.json,
Divination,4.0,D,1 action,,"s,v",instant,,XPHB,spells-xphb.json,
Dominate Beast,4.0,E,1 action,60.0,"s,v",timed,,PHB,spells-phb.json,
Dominate Beast,4.0,E,1 action,60.0,"s,v",timed,,XPHB,spells-xphb.json,
Elemental Bane,4.0,T,1 action,90.0,"s,v",timed,,XGE,spells-xge.json,
Evard's Black Tentacles,4.0,C,1 action,90.0,"s,v",timed,,PHB,spells-phb.json,
Evard's Black Tentacles,4.0,C,1 action,90.0,"s,v",timed,,XPHB,spells-xphb.json,
Fabricate,4.0,T,10 minute,120.0,"s,v",instant,,PHB,spells-phb.json,
Fabricate,4.0,T,10 minute,120.0,"s,v",instant,,XPHB,spells-xphb.json,
Find Greater Steed,4.0,C,10 minute,30.0,"s,v",instant,,XGE,spells-xge.json,
Fire Shield,4.0,V,1 action,,"s,v",timed,,PHB,spells-phb.json,
Fire Shield,4.0,V,1 action,,"s,v",timed,,XPHB,spells-xphb.json,
Fount of Moonlight,4.0,V,1 action,,"s,v",timed,,XPHB,spells-xphb.json,
Freedom of Movement,4.0,A,1 action,,"s,v",timed,,PHB,spells-phb.json,
Freedom of Movement,4.0,A,1 action,,"s,v",timed,,XPHB,spells-xphb.json,
Galder's Speedy Courier,4.0,C,1 action,10.0,"s,v",timed,,LLK,spells-llk.json,
Gate Seal,4.0,A,1 minute,60.0,"s,v",timed,,SatO,spells-sato.json,
Giant Insect,4.0,T,1 action,30.0,"s,v",timed,,PHB,spells-phb.json,
Giant Insect,4.0,C,1 action,60.0,"s,v",timed,,XPHB,spells-xphb.json,
Grasping Vine,4.0,C,1 bonus,30.0,"s,v",timed,,PHB,spells-phb.json,
Grasping Vine,4.0,C,1 bonus,60.0,"s,v",timed,,XPHB,spells-xphb.json,
Gravity Sinkhole,4.0,V,1 action,120.0,"s,v",instant,,EGW,spells-egw.json,
Greater Invisibility,4.0,I,1 action,,"s,v",timed,,PHB,spells-phb.json,
Greater Invisibility,4.0,I,1 action,,"s,v",timed,,XPHB,spells-xphb.json,
Guardian of Faith,4.0,C,1 action,30.0,v,timed,,PHB,spells-phb.json,
Guardian of Faith,4.0,C,1 action,30.0,v,timed,,XPHB,spells-xphb.json,
Guardian of Nature,4.0,T,1 bonus,,v,timed,,XGE,spells-xge.json,
Hallucinatory Terrain,4.0,I,10 minute,300.0,"s,v",timed,,PHB,spells-phb.json,
Hallucinatory Terrain,4.0,I,10 minute,300.0,"s,v",timed,,XPHB,spells-xphb.json,
Ice Storm,4.0,V,1 action,300.0,"s,v",instant,,PHB,spells-phb.json,
Ice Storm,4.0,V,1 action,300.0,"s,v",instant,,XPHB,spells-xphb.json,
Leomund's Secret Chest,4.0,C,1 action,,"s,v",instant,,PHB,spells-phb.json,
Leomund's Secret Chest,4.0,C,1 action,,"s,v",permanent,,XPHB,spells-xphb.json,
Locate Creature,4.0,D,1 action,,"s,v",timed,,PHB,spells-phb.json,
Locate Creature,4.0,D,1 action,,"s,v",timed,,XPHB,spells-xphb.json,
Mordenkainen's Faithful Hound,4.0,C,1 action,30.0,"s,v",timed,,PHB,spells-phb.json,
Mordenkainen's Faithful Hound,4.0,C,1 action,30.0,"s,v",timed,,XPHB,spells-xphb.json,
Mordenkainen's Private Sanctum,4.0,A,10 minute,120.0,"s,v",timed,,PHB,spells-phb.json,
Mordenkainen's Private Sanctum,4.0,A,10 minute,120.0,"s,v",timed,,XPHB,spells-xphb.json,
Otiluke's Resilient Sphere,4.0,V,1 action,30.0,"s,v",timed,,PHB,spells-phb.json,
Otiluke's Resilient Sphere,4.0,A,1 action,30.0,"s,v",timed,,XPHB,spells-xphb.json,
Phantasmal Killer,4.0,I,1 action,120.0,"s,v",timed,,PHB,spells-phb.json,
Phantasmal Killer,4.0,I,1 action,120.0,"s,v",timed,,XPHB,spells-xphb.json,
Polymorph,4.0,T,1 action,60.0,"s,v",timed,,PHB,spells-phb.json,
Polymorph,4.0,T,1 action,60.0,"s,v",timed,,XPHB,spells-xphb.json,
Raulothim's Psychic Lance,4.0,E,1 action,120.0,v,instant,,FTD,spells-ftd.json,
Shadow of Moil,4.0,N,1 action,,"s,v",timed,,XGE,spells-xge.json,
Sickening Radiance,4.0,V,1 action,120.0,"s,v",timed,,XGE,spells-xge.json,
Spirit of Death,4.0,N,1 action,60.0,"s,v",timed,,BMT,spells-bmt.json,
Staggering Smite,4.0,V,1 bonus,,v,timed,,PHB,spells-phb.json,
Staggering Smite,4.0,E,1 bonus,,v,instant,,XPHB,spells-xphb.json,
Stone Shape,4.0,T,1 action,,"s,v",instant,,PHB,spells-phb.json,
Stone Shape,4.0,T,1 action,,"s,v",instant,,XPHB,spells-xphb.json,
Stoneskin,4.0,A,1 action,,"s,v",timed,,PHB,spells-phb.json,
Stoneskin,4.0,T,1 action,,"s,v",timed,,XPHB,spells-xphb.json,
Storm Sphere,4.0,V,1 action,150.0,"s,v",timed,,XGE,spells-xge.json,
Summon Aberration,4.0,C,1 action,90.0,"s,v",timed,,TCE,spells-tce.json,
Summon Aberration,4.0,C,1 action,90.0,"s,v",timed,,XPHB,spells-xphb.json,
Summon Construct,4.0,C,1 action,90.0,"s,v",timed,,TCE,spells-tce.json,
Summon Construct,4.0,C,1 action,90.0,"s,v",timed,,XPHB,spells-xphb.json,
Summon Elemental,4.0,C,1 action,90.0,"s,v",timed,,TCE,spells-tce.json,
Summon Elemental,4.0,C,1 action,90.0,"s,v",timed,,XPHB,spells-xphb.json,
Summon Greater Demon,4.0,C,1 action,60.0,"s,v",timed,,XGE,spells-xge.json,
Vitriolic Sphere,4.0,V,1 action,150.0,"s,v",instant,,XGE,spells-xge.json,
Vitriolic Sphere,4.0,V,1 action,150.0,"s,v",instant,,XPHB,spells-xphb.json,
Wall of Fire,4.0,V,1 action,120.0,"s,v",timed,,PHB,spells-phb.json,
Wall of Fire,4.0,V,1 action,120.0,"s,v",timed,,XPHB,spells-xphb.json,
Watery Sphere,4.0,C,1 action,90.0,"s,v",timed,,XGE,spells-xge.json,
Animate Objects,5.0,T,1 action,120.0,"s,v",timed,,PHB,spells-phb.json,
Animate Objects,5.0,T,1 action,120.0,"s,v",timed,,XPHB,spells-xphb.json,
Antilife Shell,5.0,A,1 action,10.0,"s,v",timed,,PHB,spells-phb.json,
Antilife Shell,5.0,A,1 action,10.0,"s,v",timed,,XPHB,spells-xphb.json,
Awaken,5.0,T,8 hour,,"s,v",instant,,PHB,spells-phb.json,
Awaken,5.0,T,8 hour,,"s,v",instant,,XPHB,spells-xphb.json,
Banishing Smite,5.0,A,1 bonus,,v,timed,,PHB,spells-phb.json,
Banishing Smite,5.0,C,1 bonus,,v,timed,,XPHB,spells-xphb.json,
Bigby's Hand,5.0,V,1 action,120.0,"s,v",timed,,PHB,spells-phb.json,
Bigby's Hand,5.0,V,1 action,120.0,"s,v",timed,,XPHB,spells-xphb.json,
Circle of Power,5.0,A,1 action,30.0,v,timed,,PHB,spells-phb.json,
Circle of Power,5.0,A,1 action,30.0,v,timed,,XPHB,spells-xphb.json,
Cloudkill,5.0,C,1 action,120.0,"s,v",timed,,PHB,spells-phb.json,
Cloudkill,5.0,C,1 action,120.0,"s,v",timed,,XPHB,spells-xphb.json,
Commune,5.0,D,1 minute,,"s,v",timed,,PHB,spells-phb.json,
Commune,5.0,D,1 minute,,"s,v",timed,,XPHB,spells-xphb.json,
Commune with Nature,5.0,D,1 minute,,"s,v",instant,,PHB,spells-phb.json,
Commune with Nature,5.0,D,1 minute,,"s,v",timed,,XPHB,spells-xphb.json,
Cone of Cold,5.0,V,1 action,60.0,"s,v",instant,,PHB,spells-phb.json,
Cone of Cold,5.0,V,1 action,60.0,"s,v",instant,,XPHB,spells-xphb.json,
Conjure Elemental,5.0,C,1 minute,90.0,"s,v",timed,,PHB,spells-phb.json,
Conjure Elemental,5.0,C,1 action,60.0,"s,v",timed,,XPHB,spells-xphb.json,
Conjure Volley,5.0,C,1 action,150.0,"s,v",instant,,PHB,spells-phb.json,
Conjure Volley,5.0,C,1 action,150.0,"s,v",instant,,XPHB,spells-xphb.json,
Contact Other Plane,5.0,D,1 minute,,v,timed,,PHB,spells-phb.json,
Contact Other Plane,5.0,D,1 minute,,v,timed,,XPHB,spells-xphb.json,
Contagion,5.0,N,1 action,,"s,v",timed,,PHB,spells-phb.json,
Contagion,5.0,N,1 action,,"s,v",timed,,XPHB,spells-xphb.json,
Control Winds,5.0,T,1 action,300.0,"s,v",timed,,XGE,spells-xge.json,
Create Spelljamming Helm,5.0,T,1 action,,"s,v",instant,,AAG,spells-aag.json,
Creation,5.0,I,1 minute,30.0,"s,v",special,,PHB,spells-phb.json,
Creation,5.0,I,1 minute,30.0,"s,v",special,,XPHB,spells-xphb.json,
Danse Macabre,5.0,N,1 action,60.0,"s,v",timed,,XGE,spells-xge.json,
Dawn,5.0,V,1 action,60.0,"s,v",timed,,XGE,spells-xge.json,
Destructive Wave,5.0,V,1 action,30.0,v,instant,,PHB,spells-phb.json,
Destructive Wave,5.0,V,1 action,30.0,v,instant,,XPHB,spells-xphb.json,
Dispel Evil and Good,5.0,A,1 action,,"s,v",timed,,PHB,spells-phb.json,
Dispel Evil and Good,5.0,A,1 action,,"s,v",timed,,XPHB,spells-xphb.json,
Dominate Person,5.0,E,1 action,60.0,"s,v",timed,,PHB,spells-phb.json,
Dominate Person,5.0,E,1 action,60.0,"s,v",timed,,XPHB,spells-xphb.json,
Dream,5.0,I,1 minute,,"s,v",timed,,PHB,spells-phb.json,
Dream,5.0,I,1 minute,,"s,v",timed,,XPHB,spells-xphb.json,
Enervation,5.0,N,1 action,60.0,"s,v",timed,,XGE,spells-xge.json,
Far Step,5.0,C,1 bonus,,v,timed,,XGE,spells-xge.json,
Flame Strike,5.0,V,1 action,60.0,"s,v",instant,,PHB,spells-phb.json,
Flame Strike,5.0,V,1 action,60.0,"s,v",instant,,XPHB,spells-xphb.json,
Freedom of the Winds,5.0,A,1 action,,"s,v",timed,,TDCSR,spells-tdcsr.json,
Geas,5.0,E,1 minute,60.0,v,timed,,PHB,spells-phb.json,
Geas,5.0,E,1 minute,60.0,v,timed,,XPHB,spells-xphb.json,
Greater Restoration,5.0,A,1 action,,"s,v",instant,,PHB,spells-phb.json,
Greater Restoration,5.0,A,1 action,,"s,v",instant,,XPHB,spells-xphb.json,
Hallow,5.0,V,24 hour,,"s,v",permanent,,PHB,spells-phb.json,
Hallow,5.0,A,24 hour,,"s,v",permanent,,XPHB,spells-xphb.json,
Hold Monster,5.0,E,1 action,90.0,"s,v",timed,,PHB,spells-phb.json,
Hold Monster,5.0,E,1 action,90.0,"s,v",timed,,XPHB,spells-xphb.json,
Holy Weapon,5.0,V,1 bonus,,"s,v",timed,,XGE,spells-xge.json,
Immolation,5.0,V,1 action,90.0,v,timed,,XGE,spells-xge.json,
Infernal Calling,5.0,C,1 minute,90.0,"s,v",timed,,XGE,spells-xge.json,
Insect Plague,5.0,C,1 action,300.0,"s,v",timed,,PHB,spells-phb.json,
Insect Plague,5.0,C,1 action,300.0,"s,v",timed,,XPHB,spells-xphb.json,
Jallarzi's Storm of Radiance,5.0,V,1 action,120.0,"s,v",timed,,XPHB,spells-xphb.json,
Legend Lore,5.0,D,10 minute,,"s,v",instant,,PHB,spells-phb.json,
Legend Lore,5.0,D,10 minute,,"s,v",instant,,XPHB,spells-xphb.json,
Maelstrom,5.0,V,1 action,120.0,"s,v",timed,,XGE,spells-xge.json,
Mass Cure Wounds,5.0,V,1 action,60.0,"s,v",instant,,PHB,spells-phb.json,
Mass Cure Wounds,5.0,A,1 action,60.0,"s,v",instant,,XPHB,spells-xphb.json,
Mislead,5.0,I,1 action,,s,timed,,PHB,spells-phb.json,
Mislead,5.0,I,1 action,,s,timed,,XPHB,spells-xphb.json,
Modify Memory,5.0,E,1 action,30.0,"s,v",timed,,PHB,spells-phb.json,
Modify Memory,5.0,E,1 action,30.0,"s,v",timed,,XPHB,spells-xphb.json,
Negative Energy Flood,5.0,N,1 action,60.0,v,instant,,XGE,spells-xge.json,
Passwall,5.0,T,1 action,30.0,"s,v",timed,,PHB,spells-phb.json,
Passwall,5.0,T,1 action,30.0,"s,v",timed,,XPHB,spells-xphb.json,
Planar Binding,5.0,A,1 hour,60.0,"s,v",timed,,PHB,spells-phb.json,
Planar Binding,5.0,A,1 hour,60.0,"s,v",timed,,XPHB,spells-xphb.json,
Raise Dead,5.0,N,1 hour,,"s,v",instant,,PHB,spells-phb.json,
Raise Dead,5.0,N,1 hour,,"s,v",instant,,XPHB,spells-xphb.json,
Rary's Telepathic Bond,5.0,D,1 action,30.0,"s,v",timed,,PHB,spells-phb.json,
Rary's Telepathic Bond,5.0,D,1 action,30.0,"s,v",timed,,XPHB,spells-xphb.json,
Reincarnate,5.0,T,1 hour,,"s,v",instant,,PHB,spells-phb.json,
Reincarnate,5.0,N,1 hour,,"s,v",instant,,XPHB,spells-xphb.json,
Scrying,5.0,D,10 minute,,"s,v",timed,,PHB,spells-phb.json,
Scrying,5.0,D,10 minute,,"s,v",timed,,XPHB,spells-xphb.json,
Seeming,5.0,I,1 action,30.0,"s,v",timed,,PHB,spells-phb.json,
Seeming,5.0,I,1 action,30.0,"s,v",timed,,XPHB,spells-xphb.json,
Skill Empowerment,5.0,T,1 action,,"s,v",timed,,XGE,spells-xge.json,
Steel Wind Strike,5.0,C,1 action,30.0,s,instant,,XGE,spells-xge.json,
Steel Wind Strike,5.0,C,1 action,30.0,s,instant,,XPHB,spells-xphb.json,
Summon Celestial,5.0,C,1 action,90.0,"s,v",timed,,TCE,spells-tce.json,
Summon Celestial,5.0,C,1 action,90.0,"s,v",timed,,XPHB,spells-xphb.json,
Summon Draconic Spirit,5.0,C,1 action,60.0,"s,v",timed,,FTD,spells-ftd.json,
Summon Dragon,5.0,C,1 action,60.0,"s,v",timed,,XPHB,spells-xphb.json,
Swift Quiver,5.0,T,1 bonus,,"s,v",timed,,PHB,spells-phb.json,
Swift Quiver,5.0,T,1 bonus,,"s,v",timed,,XPHB,spells-xphb.json,
Synaptic Static,5.0,E,1 action,120.0,"s,v",instant,,XGE,spells-xge.json,
Synaptic Static,5.0,E,1 action,120.0,"s,v",instant,,XPHB,spells-xphb.json,
Telekinesis,5.0,T,1 action,60.0,"s,v",timed,,PHB,spells-phb.json,
Telekinesis,5.0,T,1 action,60.0,"s,v",timed,,XPHB,spells-xphb.json,
Teleportation Circle,5.0,C,1 minute,10.0,v,timed,,PHB,spells-phb.json,
Teleportation Circle,5.0,C,1 minute,10.0,v,timed,,XPHB,spells-xphb.json,
Temporal Shunt,5.0,T,1 reaction,120.0,"s,v",timed,,EGW,spells-egw.json,
Transmute Rock,5.0,T,1 action,120.0,"s,v",permanent,,XGE,spells-xge.json,
Tree Stride,5.0,C,1 action,,"s,v",timed,,PHB,spells-phb.json,
Tree Stride,5.0,C,1 action,,"s,v",timed,,XPHB,spells-xphb.json,
Wall of Force,5.0,V,1 action,120.0,"s,v",timed,,PHB,spells-phb.json,
Wall of Force,5.0,V,1 action,120.0,"s,v",timed,,XPHB,spells-xphb.json,
Wall of Light,5.0,V,1 action,120.0,"s,v",timed,,XGE,spells-xge.json,
Wall of Stone,5.0,V,1 action,120.0,"s,v",timed,,PHB,spells-phb.json,
Wall of Stone,5.0,V,1 action,120.0,"s,v",timed,,XPHB,spells-xphb.json,
Wrath of Nature,5.0,V,1 action,120.0,"s,v",timed,,XGE,spells-xge.json,
Yolande's Regal Presence,5.0,E,1 action,10.0,"s,v",timed,,XPHB,spells-xphb.json,
Arcane Gate,6.0,C,1 action,500.0,"s,v",timed,,PHB,spells-phb.json,
Arcane Gate,6.0,C,1 action,500.0,"s,v",timed,,XPHB,spells-xphb.json,
Blade Barrier,6.0,V,1 action,90.0,"s,v",timed,,PHB,spells-phb.json,
Blade Barrier,6.0,V,1 action,90.0,"s,v",timed,,XPHB,spells-xphb.json,
Bones of the Earth,6.0,T,1 action,120.0,"s,v",instant,,XGE,spells-xge.json,
Chain Lightning,6.0,V,1 action,150.0,"s,v",instant,,PHB,spells-phb.json,
Chain Lightning,6.0,V,1 action,150.0,"s,v",instant,,XPHB,spells-xphb.json,
Circle of Death,6.0,N,1 action,150.0,"s,v",instant,,PHB,spells-phb.json,
Circle of Death,6.0,N,1 action,150.0,"s,v",instant,,XPHB,spells-xphb.json,
Conjure Fey,6.0,C,1 minute,90.0,"s,v",timed,,PHB,spells-phb.json,
Conjure Fey,6.0,C,1 action,60.0,"s,v",timed,,XPHB,spells-xphb.json,
Contingency,6.0,V,10 minute,,"s,v",timed,,PHB,spells-phb.json,
Contingency,6.0,A,10 minute,,"s,v",timed,,XPHB,spells-xphb.json,
Create Homunculus,6.0,T,1 hour,,"s,v",instant,,XGE,spells-xge.json,
Create Undead,6.0,N,1 minute,10.0,"s,v",instant,,PHB,spells-phb.json,
Create Undead,6.0,N,1 minute,10.0,"s,v",instant,,XPHB,spells-xphb.json,
Disintegrate,6.0,T,1 action,60.0,"s,v",instant,,PHB,spells-phb.json,
Disintegrate,6.0,T,1 action,60.0,"s,v",instant,,XPHB,spells-xphb.json,
Drawmij's Instant Summons,6.0,C,1 minute,,"s,v",permanent,,PHB,spells-phb.json,
Drawmij's Instant Summons,6.0,C,1 minute,,"s,v",permanent,,XPHB,spells-xphb.json,
Druid Grove,6.0,A,10 minute,,"s,v",timed,,XGE,spells-xge.json,
Eyebite,6.0,N,1 action,,"s,v",timed,,PHB,spells-phb.json,
Eyebite,6.0,N,1 action,,"s,v",timed,,XPHB,spells-xphb.json,
Find the Path,6.0,D,1 minute,,"s,v",timed,,PHB,spells-phb.json,
Find the Path,6.0,D,1 minute,,"s,v",timed,,XPHB,spells-xphb.json,
Fizban's Platinum Shield,6.0,A,1 bonus,60.0,"s,v",timed,,FTD,spells-ftd.json,
Flesh to Stone,6.0,T,1 action,60.0,"s,v",timed,,PHB,spells-phb.json,
Flesh to Stone,6.0,T,1 action,60.0,"s,v",timed,,XPHB,spells-xphb.json,
Forbiddance,6.0,A,10 minute,,"s,v",timed,,PHB,spells-phb.json,
Forbiddance,6.0,A,10 minute,,"s,v",timed,,XPHB,spells-xphb.json,
Globe of Invulnerability,6.0,A,1 action,10.0,"s,v",timed,,PHB,spells-phb.json,
Globe of Invulnerability,6.0,A,1 action,10.0,"s,v",timed,,XPHB,spells-xphb.json,
Gravity Fissure,6.0,V,1 action,100.0,"s,v",instant,,EGW,spells-egw.json,
Guards and Wards,6.0,A,10 minute,,"s,v",timed,,PHB,spells-phb.json,
Guards and Wards,6.0,A,1 hour,,"s,v",timed,,XPHB,spells-xphb.json,
Harm,6.0,N,1 action,60.0,"s,v",instant,,PHB,spells-phb.json,
Harm,6.0,N,1 action,60.0,"s,v",instant,,XPHB,spells-xphb.json,
Heal,6.0,V,1 action,60.0,"s,v",instant,,PHB,spells-phb.json,
Heal,6.0,A,1 action,60.0,"s,v",instant,,XPHB,spells-xphb.json,
Heroes' Feast,6.0,C,10 minute,30.0,"s,v",instant,,PHB,spells-phb.json,
Heroes' Feast,6.0,C,10 minute,10.0,"s,v",instant,,XPHB,spells-xphb.json,
Investiture of Flame,6.0,T,1 action,,"s,v",timed,,XGE,spells-xge.json,
Investiture of Ice,6.0,T,1 action,,"s,v",timed,,XGE,spells-xge.json,
Investiture of Stone,6.0,T,1 action,,"s,v",timed,,XGE,spells-xge.json,
Investiture of Wind,6.0,T,1 action,,"s,v",timed,,XGE,spells-xge.json,
Magic Jar,6.0,N,1 minute,,"s,v",permanent,,PHB,spells-phb.json,
Magic Jar,6.0,N,1 minute,,"s,v",permanent,,XPHB,spells-xphb.json,
Mass Suggestion,6.0,E,1 action,60.0,v,timed,,PHB,spells-phb.json,
Mass Suggestion,6.0,E,1 action,60.0,v,timed,,XPHB,spells-xphb.json,
Mental Prison,6.0,I,1 action,60.0,s,timed,,XGE,spells-xge.json,
Move Earth,6.0,T,1 action,120.0,"s,v",timed,,PHB,spells-phb.json,
Move Earth,6.0,T,1 action,120.0,"s,v",timed,,XPHB,spells-xphb.json,
Otiluke's Freezing Sphere,6.0,V,1 action,300.0,"s,v",instant,,PHB,spells-phb.json,
Otiluke's Freezing Sphere,6.0,V,1 action,300.0,"s,v",instant,,XPHB,spells-xphb.json,
Otto's Irresistible Dance,6.0,E,1 action,30.0,v,timed,,PHB,spells-phb.json,
Otto's Irresistible Dance,6.0,E,1 action,30.0,v,timed,,XPHB,spells-xphb.json,
Planar Ally,6.0,C,10 minute,60.0,"s,v",instant,,PHB,spells-phb.json,
Planar Ally,6.0,C,10 minute,60.0,"s,v",instant,,XPHB,spells-xphb.json,
Primordial Ward,6.0,A,1 action,,"s,v",timed,,XGE,spells-xge.json,
Programmed Illusion,6.0,I,1 action,120.0,"s,v",permanent,,PHB,spells-phb.json,
Programmed Illusion,6.0,I,1 action,120.0,"s,v",permanent,,XPHB,spells-xphb.json,
Scatter,6.0,C,1 action,30.0,v,instant,,XGE,spells-xge.json,
Soul Cage,6.0,N,1 reaction,60.0,"s,v",timed,,XGE,spells-xge.json,
Summon Fiend,6.0,C,1 action,90.0,"s,v",timed,,TCE,spells-tce.json,
Summon Fiend,6.0,C,1 action,90.0,"s,v",timed,,XPHB,spells-xphb.json,
Sunbeam,6.0,V,1 action,60.0,"s,v",timed,,PHB,spells-phb.json,
Sunbeam,6.0,V,1 action,60.0,"s,v",timed,,XPHB,spells-xphb.json,
Tasha's Bubbling Cauldron,6.0,C,1 action,5.0,"s,v",timed,,XPHB,spells-xphb.json,
Tasha's Otherworldly Guise,6.0,T,1 bonus,,"s,v",timed,,TCE,spells-tce.json,
Tenser's Transformation,6.0,T,1 action,,"s,v",timed,,XGE,spells-xge.json,
Transport via Plants,6.0,C,1 action,10.0,"s,v",timed,,PHB,spells-phb.json,
Transport via Plants,6.0,C,1 action,10.0,"s,v",timed,,XPHB,spells-xphb.json,
True Seeing,6.0,D,1 action,,"s,v",timed,,PHB,spells-phb.json,
True Seeing,6.0,D,1 action,,"s,v",timed,,XPHB,spells-xphb.json,
Wall of Ice,6.0,V,1 action,120.0,"s,v",timed,,PHB,spells-phb.json,
Wall of Ice,6.0,V,1 action,120.0,"s,v",timed,,XPHB,spells-xphb.json,
Wall of Thorns,6.0,C,1 action,120.0,"s,v",timed,,PHB,spells-phb.json,
Wall of Thorns,6.0,C,1 action,120.0,"s,v",timed,,XPHB,spells-xphb.json,
Wind Walk,6.0,T,1 minute,30.0,"s,v",timed,,PHB,spells-phb.json,
Wind Walk,6.0,T,1 minute,30.0,"s,v",timed,,XPHB,spells-xphb.json,
Word of Recall,6.0,C,1 action,5.0,v,instant,,PHB,spells-phb.json,
Word of Recall,6.0,C,1 action,5.0,v,instant,,XPHB,spells-xphb.json,
Conjure Celestial,7.0,C,1 minute,90.0,"s,v",timed,,PHB,spells-phb.json,
Conjure Celestial,7.0,C,1 action,90.0,"s,v",timed,,XPHB,spells-xphb.json,
Create Magen,7.0,T,1 hour,,"s,v",instant,,IDRotF,spells-idrotf.json,
Crown of Stars,7.0,V,1 action,,"s,v",timed,,XGE,spells-xge.json,
Delayed Blast Fireball,7.0,V,1 action,150.0,"s,v",timed,,PHB,spells-phb.json,
Delayed Blast Fireball,7.0,V,1 action,150.0,"s,v",timed,,XPHB,spells-xphb.json,
Divine Word,7.0,V,1 bonus,30.0,v,instant,,PHB,spells-phb.json,
Divine Word,7.0,V,1 bonus,30.0,v,instant,,XPHB,spells-xphb.json,
Draconic Transformation,7.0,T,1 bonus,,"s,v",timed,,FTD,spells-ftd.json,
Dream of the Blue Veil,7.0,C,10 minute,20.0,"s,v",timed,,TCE,spells-tce.json,
Etherealness,7.0,T,1 action,,"s,v",timed,,PHB,spells-phb.json,
Etherealness,7.0,C,1 action,,"s,v",timed,,XPHB,spells-xphb.json,
Finger of Death,7.0,N,1 action,60.0,"s,v",instant,,PHB,spells-phb.json,
Finger of Death,7.0,N,1 action,60.0,"s,v",instant,,XPHB,spells-xphb.json,
Fire Storm,7.0,V,1 action,150.0,"s,v",instant,,PHB,spells-phb.json,
Fire Storm,7.0,V,1 action,150.0,"s,v",instant,,XPHB,spells-xphb.json,
Forcecage,7.0,V,1 action,100.0,"s,v",timed,,PHB,spells-phb.json,
Forcecage,7.0,V,1 action,100.0,"s,v",timed,,XPHB,spells-xphb.json,
Mirage Arcane,7.0,I,10 minute,,"s,v",timed,,PHB,spells-phb.json,
Mirage Arcane,7.0,I,10 minute,,"s,v",timed,,XPHB,spells-xphb.json,
Mordenkainen's Magnificent Mansion,7.0,C,1 minute,300.0,"s,v",timed,,PHB,spells-phb.json,
Mordenkainen's Magnificent Mansion,7.0,C,1 minute,300.0,"s,v",timed,,XPHB,spells-xphb.json,
Mordenkainen's Sword,7.0,V,1 action,60.0,"s,v",timed,,PHB,spells-phb.json,
Mordenkainen's Sword,7.0,V,1 action,90.0,"s,v",timed,,XPHB,spells-xphb.json,
Plane Shift,7.0,C,1 action,,"s,v",instant,,PHB,spells-phb.json,
Plane Shift,7.0,C,1 action,,"s,v",instant,,XPHB,spells-xphb.json,
Power Word Fortify,7.0,E,1 action,60.0,v,instant,,XPHB,spells-xphb.json,
Power Word Pain,7.0,E,1 action,60.0,v,instant,,XGE,spells-xge.json,
Prismatic Spray,7.0,V,1 action,60.0,"s,v",instant,,PHB,spells-phb.json,
Prismatic Spray,7.0,V,1 action,60.0,"s,v",instant,,XPHB,spells-xphb.json,
Project Image,7.0,I,1 action,500.0,"s,v",timed,,PHB,spells-phb.json,
Project Image,7.0,I,1 action,500.0,"s,v",timed,,XPHB,spells-xphb.json,
Regenerate,7.0,T,1 minute,,"s,v",timed,,PHB,spells-phb.json,
Regenerate,7.0,T,1 minute,,"s,v",timed,,XPHB,spells-xphb.json,
Resurrection,7.0,N,1 hour,,"s,v",instant,,PHB,spells-phb.json,
Resurrection,7.0,N,1 hour,,"s,v",instant,,XPHB,spells-xphb.json,
Reverse Gravity,7.0,T,1 action,100.0,"s,v",timed,,PHB,spells-phb.json,
Reverse Gravity,7.0,T,1 action,100.0,"s,v",timed,,XPHB,spells-xphb.json,
Sequester,7.0,T,1 action,,"s,v",permanent,,PHB,spells-phb.json,
Sequester,7.0,T,1 action,,"s,v",permanent,,XPHB,spells-xphb.json,
Simulacrum,7.0,I,12 hour,,"s,v",permanent,,PHB,spells-phb.json,
Simulacrum,7.0,I,12 hour,,"s,v",permanent,,XPHB,spells-xphb.json,
Symbol,7.0,A,1 minute,,"s,v",permanent,,PHB,spells-phb.json,
Symbol,7.0,A,1 minute,,"s,v",permanent,,XPHB,spells-xphb.json,
Teleport,7.0,C,1 action,10.0,v,instant,,PHB,spells-phb.json,
Teleport,7.0,C,1 action,10.0,v,instant,,XPHB,spells-xphb.json,
Temple of the Gods,7.0,C,1 hour,120.0,"s,v",timed,,XGE,spells-xge.json,
Tether Essence,7.0,N,1 action,60.0,"s,v",timed,,EGW,spells-egw.json,
Whirlwind,7.0,V,1 action,300.0,v,timed,,XGE,spells-xge.json,
Abi-Dalzim's Horrid Wilting,8.0,N,1 action,150.0,"s,v",instant,,XGE,spells-xge.json,
Animal Shapes,8.0,T,1 action,30.0,"s,v",timed,,PHB,spells-phb.json,
Animal Shapes,8.0,T,1 action,30.0,"s,v",timed,,XPHB,spells-xphb.json,
Antimagic Field,8.0,A,1 action,10.0,"s,v",timed,,PHB,spells-phb.json,
Antimagic Field,8.0,A,1 action,10.0,"s,v",timed,,XPHB,spells-xphb.json,
Antipathy/Sympathy,8.0,E,1 hour,60.0,"s,v",timed,,PHB,spells-phb.json,
Antipathy/Sympathy,8.0,E,1 hour,60.0,"s,v",timed,,XPHB,spells-xphb.json,
Befuddlement,8.0,E,1 action,150.0,"s,v",instant,,XPHB,spells-xphb.json,
Clone,8.0,N,1 hour,,"s,v",instant,,PHB,spells-phb.json,
Clone,8.0,N,1 hour,,"s,v",instant,,XPHB,spells-xphb.json,
Control Weather,8.0,T,10 minute,5.0,"s,v",timed,,PHB,spells-phb.json,
Control Weather,8.0,T,10 minute,5.0,"s,v",timed,,XPHB,spells-xphb.json,
Dark Star,8.0,V,1 action,150.0,"s,v",timed,,EGW,spells-egw.json,
Demiplane,8.0,C,1 action,60.0,s,timed,,PHB,spells-phb.json,
Demiplane,8.0,C,1 action,60.0,s,timed,,XPHB,spells-xphb.json,
Dominate Monster,8.0,E,1 action,60.0,"s,v",timed,,PHB,spells-phb.json,
Dominate Monster,8.0,E,1 action,60.0,"s,v",timed,,XPHB,spells-xphb.json,
Earthquake,8.0,V,1 action,500.0,"s,v",timed,,PHB,spells-phb.json,
Earthquake,8.0,T,1 action,500.0,"s,v",timed,,XPHB,spells-xphb.json,
Feeblemind,8.0,E,1 action,150.0,"s,v",instant,,PHB,spells-phb.json,
Glibness,8.0,T,1 action,,v,timed,,PHB,spells-phb.json,
Glibness,8.0,E,1 action,,v,timed,,XPHB,spells-xphb.json,
Holy Aura,8.0,A,1 action,,"s,v",timed,,PHB,spells-phb.json,
Holy Aura,8.0,A,1 action,30.0,"s,v",timed,,XPHB,spells-xphb.json,
Illusory Dragon,8.0,I,1 action,120.0,s,timed,,XGE,spells-xge.json,
Incendiary Cloud,8.0,C,1 action,150.0,"s,v",timed,,PHB,spells-phb.json,
Incendiary Cloud,8.0,C,1 action,150.0,"s,v",timed,,XPHB,spells-xphb.json,
Maddening Darkness,8.0,V,1 action,150.0,v,timed,,XGE,spells-xge.json,
Maze,8.0,C,1 action,60.0,"s,v",timed,,PHB,spells-phb.json,
Maze,8.0,C,1 action,60.0,"s,v",timed,,XPHB,spells-xphb.json,
Mighty Fortress,8.0,C,1 minute,1.0,"s,v",instant,,XGE,spells-xge.json,
Mind Blank,8.0,A,1 action,,"s,v",timed,,PHB,spells-phb.json,
Mind Blank,8.0,A,1 action,,"s,v",timed,,XPHB,spells-xphb.json,
Power Word Stun,8.0,E,1 action,60.0,v,instant,,PHB,spells-phb.json,
Power Word Stun,8.0,E,1 action,60.0,v,instant,,XPHB,spells-xphb.json,
Reality Break,8.0,C,1 action,60.0,"s,v",timed,,EGW,spells-egw.json,
Sunburst,8.0,V,1 action,150.0,"s,v",instant,,PHB,spells-phb.json,
Sunburst,8.0,V,1 action,150.0,"s,v",instant,,XPHB,spells-xphb.json,
Telepathy,8.0,V,1 action,,"s,v",timed,,PHB,spells-phb.json,
Telepathy,8.0,D,1 action,,"s,v",timed,,XPHB,spells-xphb.json,
Tsunami,8.0,C,1 minute,,"s,v",timed,,PHB,spells-phb.json,
Tsunami,8.0,C,1 minute,1.0,"s,v",timed,,XPHB,spells-xphb.json,
Astral Projection,9.0,N,1 hour,10.0,"s,v",special,,PHB,spells-phb.json,
Astral Projection,9.0,N,1 hour,10.0,"s,v",permanent,,XPHB,spells-xphb.json,
Blade of Disaster,9.0,C,1 bonus,60.0,"s,v",timed,,TCE,spells-tce.json,
Foresight,9.0,D,1 minute,,"s,v",timed,,PHB,spells-phb.json,
Foresight,9.0,D,1 minute,,"s,v",timed,,XPHB,spells-xphb.json,
Gate,9.0,C,1 action,60.0,"s,v",timed,,PHB,spells-phb.json,
Gate,9.0,C,1 action,60.0,"s,v",timed,,XPHB,spells-xphb.json,
Imprisonment,9.0,A,1 minute,30.0,"s,v",permanent,,PHB,spells-phb.json,
Imprisonment,9.0,A,1 minute,30.0,"s,v",permanent,,XPHB,spells-xphb.json,
Invulnerability,9.0,A,1 action,,"s,v",timed,,XGE,spells-xge.json,
Mass Heal,9.0,V,1 action,60.0,"s,v",instant,,PHB,spells-phb.json,
Mass Heal,9.0,A,1 action,60.0,"s,v",instant,,XPHB,spells-xphb.json,
Mass Polymorph,9.0,T,1 action,120.0,"s,v",timed,,XGE,spells-xge.json,
Meteor Swarm,9.0,V,1 action,1.0,"s,v",instant,,PHB,spells-phb.json,
Meteor Swarm,9.0,V,1 action,1.0,"s,v",instant,,XPHB,spells-xphb.json,
Power Word Heal,9.0,V,1 action,,"s,v",instant,,PHB,spells-phb.json,
Power Word Heal,9.0,E,1 action,60.0,"s,v",instant,,XPHB,spells-xphb.json,
Power Word Kill,9.0,E,1 action,60.0,v,instant,,PHB,spells-phb.json,
Power Word Kill,9.0,E,1 action,60.0,v,instant,,XPHB,spells-xphb.json,
Prismatic Wall,9.0,A,1 action,60.0,"s,v",timed,,PHB,spells-phb.json,
Prismatic Wall,9.0,A,1 action,60.0,"s,v",timed,,XPHB,spells-xphb.json,
Psychic Scream,9.0,E,1 action,90.0,s,instant,,XGE,spells-xge.json,
Ravenous Void,9.0,V,1 action,1000.0,"s,v",timed,,EGW,spells-egw.json,
Shapechange,9.0,T,1 action,,"s,v",timed,,PHB,spells-phb.json,
Shapechange,9.0,T,1 action,,"s,v",timed,,XPHB,spells-xphb.json,
Storm of Vengeance,9.0,C,1 action,,"s,v",timed,,PHB,spells-phb.json,
Storm of Vengeance,9.0,C,1 action,1.0,"s,v",timed,,XPHB,spells-xphb.json,
Time Ravage,9.0,N,1 action,90.0,"s,v",instant,,EGW,spells-egw.json,
Time Stop,9.0,T,1 action,,v,instant,,PHB,spells-phb.json,
Time Stop,9.0,T,1 action,,v,instant,,XPHB,spells-xphb.json,
True Polymorph,9.0,T,1 action,30.0,"s,v",timed,,PHB,spells-phb.json,
True Polymorph,9.0,T,1 action,30.0,"s,v",timed,,XPHB,spells-xphb.json,
True Resurrection,9.0,N,1 hour,,"s,v",instant,,PHB,spells-phb.json,
True Resurrection,9.0,N,1 hour,,"s,v",instant,,XPHB,spells-xphb.json,
Weird,9.0,I,1 action,120.0,"s,v",timed,,PHB,spells-phb.json,
Weird,9.0,I,1 action,120.0,"s,v",timed,,XPHB,spells-xphb.json,
Wish,9.0,C,1 action,,v,instant,,PHB,spells-phb.json,
Wish,9.0,C,1 action,,v,instant,,XPHB,spells-xphb.json,
Absorb Elements,,,,,,,,XGE,foundry.json,
Aid,,,,,,,,XPHB,foundry.json,
Alarm,,,,,,,,XPHB,foundry.json,
Alter Self,,,,,,,,XPHB,foundry.json,
Animal Friendship,,,,,,,,XPHB,foundry.json,
Animal Messenger,,,,,,,,XPHB,foundry.json,
Animate Dead,,,,,,,,XPHB,foundry.json,
Animate Objects,,,,,,,,XPHB,foundry.json,
Antilife Shell,,,,,,,,XPHB,foundry.json,
Antipathy/Sympathy,,,,,,,,XPHB,foundry.json,
Arcane Gate,,,,,,,,XPHB,foundry.json,
Arcane Vigor,,,,,,,,XPHB,foundry.json,
Armor of Agathys,,,,,,,,PHB,foundry.json,
Armor of Agathys,,,,,,,,XPHB,foundry.json,
Arms of Hadar,,,,,,,,XPHB,foundry.json,
Astral Projection,,,,,,,,XPHB,foundry.json,
Aura of Life,,,,,,,,XPHB,foundry.json,
Aura of Purity,,,,,,,,XPHB,foundry.json,
Aura of Vitality,,,,,,,,XPHB,foundry.json,
Bane,,,,,,,,XPHB,foundry.json,
Banishing Smite,,,,,,,,XPHB,foundry.json,
Banishment,,,,,,,,XPHB,foundry.json,
Barkskin,,,,,,,,XPHB,foundry.json,
Beacon of Hope,,,,,,,,XPHB,foundry.json,
Befuddlement,,,,,,,,XPHB,foundry.json,
Bestow Curse,,,,,,,,XPHB,foundry.json,
Blade Barrier,,,,,,,,XPHB,foundry.json,
Blade Ward,,,,,,,,PHB,foundry.json,
Blade Ward,,,,,,,,XPHB,foundry.json,
Bless,,,,,,,,XPHB,foundry.json,
Blinding Smite,,,,,,,,XPHB,foundry.json,
Blindness/Deafness,,,,,,,,XPHB,foundry.json,
Blink,,,,,,,,XPHB,foundry.json,
Booming Blade,,,,,,,,TCE,foundry.json,
Call Lightning,,,,,,,,XPHB,foundry.json,
Calm Emotions,,,,,,,,XPHB,foundry.json,
Charm Monster,,,,,,,,XPHB,foundry.json,
Charm Person,,,,,,,,XPHB,foundry.json,
Chill Touch,,,,,,,,XPHB,foundry.json,
Chromatic Orb,,,,,,,,XPHB,foundry.json,
Circle of Power,,,,,,,,XPHB,foundry.json,
Cloud of Daggers,,,,,,,,XPHB,foundry.json,
Color Spray,,,,,,,,XPHB,foundry.json,
Command,,,,,,,,XPHB,foundry.json,
Compelled Duel,,,,,,,,XPHB,foundry.json,
Comprehend Languages,,,,,,,,XPHB,foundry.json,
Compulsion,,,,,,,,XPHB,foundry.json,
Confusion,,,,,,,,XPHB,foundry.json,
Conjure Animals,,,,,,,,XPHB,foundry.json,
Conjure Celestial,,,,,,,,XPHB,foundry.json,
Conjure Fey,,,,,,,,XPHB,foundry.json,
Conjure Minor Elementals,,,,,,,,XPHB,foundry.json,
Conjure Volley,,,,,,,,XPHB,foundry.json,
Conjure Woodland Beings,,,,,,,,XPHB,foundry.json,
Contact Other Plane,,,,,,,,XPHB,foundry.json,
Contagion,,,,,,,,XPHB,foundry.json,
Contingency,,,,,,,,XPHB,foundry.json,
Control Water,,,,,,,,XPHB,foundry.json,
Control Weather,,,,,,,,XPHB,foundry.json,
Cordon of Arrows,,,,,,,,XPHB,foundry.json,
Counterspell,,,,,,,,XPHB,foundry.json,
Create Undead,,,,,,,,XPHB,foundry.json,
Create or Destroy Water,,,,,,,,XPHB,foundry.json,
Crown of Madness,,,,,,,,XPHB,foundry.json,
Crusader's Mantle,,,,,,,,XPHB,foundry.json,
Dancing Lights,,,,,,,,XPHB,foundry.json,
Darkvision,,,,,,,,XPHB,foundry.json,
Death Ward,,,,,,,,XPHB,foundry.json,
Delayed Blast Fireball,,,,,,,,XPHB,foundry.json,
Destructive Wave,,,,,,,,XPHB,foundry.json,
Detect Evil and Good,,,,,,,,XPHB,foundry.json,
Detect Magic,,,,,,,,XPHB,foundry.json,
Detect Poison and Disease,,,,,,,,XPHB,foundry.json,
Detect Thoughts,,,,,,,,XPHB,foundry.json,
Dimension Door,,,,,,,,XPHB,foundry.json,
Disguise Self,,,,,,,,XPHB,foundry.json,
Dispel Evil and Good,,,,,,,,XPHB,foundry.json,
Divine Favor,,,,,,,,XPHB,foundry.json,
Divine Smite,,,,,,,,XPHB,foundry.json,
Divine Word,,,,,,,,XPHB,foundry.json,
Dominate Beast,,,,,,,,XPHB,foundry.json,
Dominate Monster,,,,,,,,XPHB,foundry.json,
Dominate Person,,,,,,,,XPHB,foundry.json,
Dragon's Breath,,,,,,,,XPHB,foundry.json,
Drawmij's Instant Summons,,,,,,,,XPHB,foundry.json,
Dream,,,,,,,,XPHB,foundry.json,
Druidcraft,,,,,,,,XPHB,foundry.json,
Earthquake,,,,,,,,XPHB,foundry.json,
Elemental Weapon,,,,,,,,XPHB,foundry.json,
Elementalism,,,,,,,,XPHB,foundry.json,
Enhance Ability,,,,,,,,XPHB,foundry.json,
Enlarge/Reduce,,,,,,,,XPHB,foundry.json,
Ensnaring Strike,,,,,,,,XPHB,foundry.json,
Entangle,,,,,,,,XPHB,foundry.json,
Enthrall,,,,,,,,XPHB,foundry.json,
Etherealness,,,,,,,,XPHB,foundry.json,
Evard's Black Tentacles,,,,,,,,XPHB,foundry.json,
Eyebite,,,,,,,,XPHB,foundry.json,
Faerie Fire,,,,,,,,XPHB,foundry.json,
False Life,,,,,,,,XPHB,foundry.json,
Fear,,,,,,,,XPHB,foundry.json,
Feign Death,,,,,,,,XPHB,foundry.json,
Find Familiar,,,,,,,,XPHB,foundry.json,
Find Steed,,,,,,,,XPHB,foundry.json,
Finger of Death,,,,,,,,XPHB,foundry.json,
Fire Shield,,,,,,,,XPHB,foundry.json,
Fire Storm,,,,,,,,XPHB,foundry.json,
Flame Blade,,,,,,,,PHB,foundry.json,
Flame Blade,,,,,,,,XPHB,foundry.json,
Flame Strike,,,,,,,,XPHB,foundry.json,
Flaming Sphere,,,,,,,,XPHB,foundry.json,
Flesh to Stone,,,,,,,,XPHB,foundry.json,
Fly,,,,,,,,XPHB,foundry.json,
Forbiddance,,,,,,,,XPHB,foundry.json,
Forcecage,,,,,,,,XPHB,foundry.json,
Foresight,,,,,,,,XPHB,foundry.json,
Fount of Moonlight,,,,,,,,XPHB,foundry.json,
Freedom of Movement,,,,,,,,XPHB,foundry.json,
Friends,,,,,,,,XPHB,foundry.json,
Gaseous Form,,,,,,,,XPHB,foundry.json,
Gate,,,,,,,,XPHB,foundry.json,
Geas,,,,,,,,XPHB,foundry.json,
Giant Insect,,,,,,,,XPHB,foundry.json,
Glibness,,,,,,,,XPHB,foundry.json,
Glyph of Warding,,,,,,,,XPHB,foundry.json,
Goodberry,,,,,,,,XPHB,foundry.json,
Grease,,,,,,,,XPHB,foundry.json,
Greater Invisibility,,,,,,,,XPHB,foundry.json,
Green-Flame Blade,,,,,,,,TCE,foundry.json,
Guardian of Faith,,,,,,,,XPHB,foundry.json,
Guards and Wards,,,,,,,,XPHB,foundry.json,
Guidance,,,,,,,,XPHB,foundry.json,
Guiding Bolt,,,,,,,,XPHB,foundry.json,
Gust of Wind,,,,,,,,XPHB,foundry.json,
Hail of Thorns,,,,,,,,XPHB,foundry.json,
Hallucinatory Terrain,,,,,,,,XPHB,foundry.json,
Haste,,,,,,,,XPHB,foundry.json,
Heal,,,,,,,,XPHB,foundry.json,
Heat Metal,,,,,,,,XPHB,foundry.json,
Heroes' Feast,,,,,,,,XPHB,foundry.json,
Heroism,,,,,,,,XPHB,foundry.json,
Hex,,,,,,,,XPHB,foundry.json,
Hold Monster,,,,,,,,XPHB,foundry.json,
Hold Person,,,,,,,,XPHB,foundry.json,
Holy Aura,,,,,,,,XPHB,foundry.json,
Hunger of Hadar,,,,,,,,XPHB,foundry.json,
Hunter's Mark,,,,,,,,XPHB,foundry.json,
Hypnotic Pattern,,,,,,,,XPHB,foundry.json,
Ice Knife,,,,,,,,XPHB,foundry.json,
Ice Storm,,,,,,,,XPHB,foundry.json,
Imprisonment,,,,,,,,XPHB,foundry.json,
Incendiary Cloud,,,,,,,,XPHB,foundry.json,
Invisibility,,,,,,,,XPHB,foundry.json,
Jallarzi's Storm of Radiance,,,,,,,,XPHB,foundry.json,
Jump,,,,,,,,XPHB,foundry.json,
Leomund's Secret Chest,,,,,,,,XPHB,foundry.json,
Levitate,,,,,,,,XPHB,foundry.json,
Lightning Arrow,,,,,,,,XPHB,foundry.json,
Lightning Lure,,,,,,,,TCE,foundry.json,
Longstrider,,,,,,,,XPHB,foundry.json,
Mage Armor,,,,,,,,XPHB,foundry.json,
Magic Circle,,,,,,,,XPHB,foundry.json,
Magic Jar,,,,,,,,XPHB,foundry.json,
Magic Missile,,,,,,,,PHB,foundry.json,
Magic Missile,,,,,,,,XPHB,foundry.json,
Magic Stone,,,,,,,,XGE,foundry.json,
Magic Weapon,,,,,,,,XPHB,foundry.json,
Major Image,,,,,,,,XPHB,foundry.json,
Mass Heal,,,,,,,,XPHB,foundry.json,
Mass Suggestion,,,,,,,,XPHB,foundry.json,
Maze,,,,,,,,XPHB,foundry.json,
Meld into Stone,,,,,,,,XPHB,foundry.json,
Melf's Acid Arrow,,,,,,,,PHB,foundry.json,
Melf's Acid Arrow,,,,,,,,XPHB,foundry.json,
Mind Blank,,,,,,,,XPHB,foundry.json,
Mind Sliver,,,,,,,,XPHB,foundry.json,
Mind Spike,,,,,,,,XPHB,foundry.json,
Minor Illusion,,,,,,,,XPHB,foundry.json,
Mirage Arcane,,,,,,,,XPHB,foundry.json,
Mirror Image,,,,,,,,XPHB,foundry.json,
Modify Memory,,,,,,,,XPHB,foundry.json,
Mordenkainen's Faithful Hound,,,,,,,,XPHB,foundry.json,
Mordenkainen's Magnificent Mansion,,,,,,,,XPHB,foundry.json,
Move Earth,,,,,,,,XPHB,foundry.json,
Nondetection,,,,,,,,XPHB,foundry.json,
Nystul's Magic Aura,,,,,,,,XPHB,foundry.json,
Otiluke's Freezing Sphere,,,,,,,,XPHB,foundry.json,
Otiluke's Resilient Sphere,,,,,,,,XPHB,foundry.json,
Otto's Irresistible Dance,,,,,,,,XPHB,foundry.json,
Pass without Trace,,,,,,,,XPHB,foundry.json,
Passwall,,,,,,,,XPHB,foundry.json,
Phantasmal Force,,,,,,,,XPHB,foundry.json,
Phantasmal Killer,,,,,,,,XPHB,foundry.json,
Planar Ally,,,,,,,,XPHB,foundry.json,
Planar Binding,,,,,,,,XPHB,foundry.json,
Plane Shift,,,,,,,,XPHB,foundry.json,
Plant Growth,,,,,,,,XPHB,foundry.json,
Polymorph,,,,,,,,XPHB,foundry.json,
Power Word Fortify,,,,,,,,XPHB,foundry.json,
Power Word Heal,,,,,,,,XPHB,foundry.json,
Power Word Kill,,,,,,,,XPHB,foundry.json,
Power Word Stun,,,,,,,,XPHB,foundry.json,
Prayer of Healing,,,,,,,,XPHB,foundry.json,
Prismatic Spray,,,,,,,,XPHB,foundry.json,
Prismatic Wall,,,,,,,,XPHB,foundry.json,
Produce Flame,,,,,,,,XPHB,foundry.json,
Programmed Illusion,,,,,,,,XPHB,foundry.json,
Project Image,,,,,,,,XPHB,foundry.json,
Protection from Energy,,,,,,,,XPHB,foundry.json,
Protection from Evil and Good,,,,,,,,XPHB,foundry.json,
Protection from Poison,,,,,,,,XPHB,foundry.json,
Raise Dead,,,,,,,,XPHB,foundry.json,
Rary's Telepathic Bond,,,,,,,,XPHB,foundry.json,
Ray of Enfeeblement,,,,,,,,XPHB,foundry.json,
Ray of Frost,,,,,,,,XPHB,foundry.json,
Ray of Sickness,,,,,,,,XPHB,foundry.json,
Regenerate,,,,,,,,XPHB,foundry.json,
Reincarnate,,,,,,,,XPHB,foundry.json,
Resistance,,,,,,,,XPHB,foundry.json,
Resurrection,,,,,,,,XPHB,foundry.json,
Revivify,,,,,,,,XPHB,foundry.json,
Sanctuary,,,,,,,,XPHB,foundry.json,
Scorching Ray,,,,,,,,XPHB,foundry.json,
Scrying,,,,,,,,XPHB,foundry.json,
Searing Smite,,,,,,,,XPHB,foundry.json,
See Invisibility,,,,,,,,XPHB,foundry.json,
Seeming,,,,,,,,XPHB,foundry.json,
Sending,,,,,,,,XPHB,foundry.json,
Sequester,,,,,,,,XPHB,foundry.json,
Shield,,,,,,,,XPHB,foundry.json,
Shield of Faith,,,,,,,,XPHB,foundry.json,
Shillelagh,,,,,,,,XPHB,foundry.json,
Shining Smite,,,,,,,,XPHB,foundry.json,
Shocking Grasp,,,,,,,,XPHB,foundry.json,
Silence,,,,,,,,XPHB,foundry.json,
Silent Image,,,,,,,,XPHB,foundry.json,
Simulacrum,,,,,,,,XPHB,foundry.json,
Sleep,,,,,,,,XPHB,foundry.json,
Sleet Storm,,,,,,,,XPHB,foundry.json,
Slow,,,,,,,,XPHB,foundry.json,
Sorcerous Burst,,,,,,,,XPHB,foundry.json,
Spare the Dying,,,,,,,,XPHB,foundry.json,
Speak with Animals,,,,,,,,XPHB,foundry.json,
Speak with Plants,,,,,,,,XPHB,foundry.json,
Spider Climb,,,,,,,,XPHB,foundry.json,
Spike Growth,,,,,,,,XPHB,foundry.json,
Spirit Guardians,,,,,,,,XPHB,foundry.json,
Spirit Shroud,,,,,,,,TCE,foundry.json,
Spirit of Death,,,,,,,,BMT,foundry.json,
Spiritual Weapon,,,,,,,,PHB,foundry.json,
Staggering Smite,,,,,,,,XPHB,foundry.json,
Starry Wisp,,,,,,,,XPHB,foundry.json,
Stinking Cloud,,,,,,,,XPHB,foundry.json,
Stoneskin,,,,,,,,XPHB,foundry.json,
Storm of Vengeance,,,,,,,,XPHB,foundry.json,
Suggestion,,,,,,,,XPHB,foundry.json,
Summon Aberration,,,,,,,,TCE,foundry.json,
Summon Aberration,,,,,,,,XPHB,foundry.json,
Summon Beast,,,,,,,,TCE,foundry.json,
Summon Beast,,,,,,,,XPHB,foundry.json,
Summon Celestial,,,,,,,,TCE,foundry.json,
Summon Celestial,,,,,,,,XPHB,foundry.json,
Summon Construct,,,,,,,,TCE,foundry.json,
Summon Construct,,,,,,,,XPHB,foundry.json,
Summon Draconic Spirit,,,,,,,,FTD,foundry.json,
Summon Dragon,,,,,,,,XPHB,foundry.json,
Summon Elemental,,,,,,,,TCE,foundry.json,
Summon Elemental,,,,,,,,XPHB,foundry.json,
Summon Fey,,,,,,,,TCE,foundry.json,
Summon Fey,,,,,,,,XPHB,foundry.json,
Summon Fiend,,,,,,,,TCE,foundry.json,
Summon Fiend,,,,,,,,XPHB,foundry.json,
Summon Shadowspawn,,,,,,,,TCE,foundry.json,
Summon Undead,,,,,,,,TCE,foundry.json,
Summon Undead,,,,,,,,XPHB,foundry.json,
Sunbeam,,,,,,,,XPHB,foundry.json,
Sunburst,,,,,,,,XPHB,foundry.json,
Swift Quiver,,,,,,,,XPHB,foundry.json,
Symbol,,,,,,,,XPHB,foundry.json,
Synaptic Static,,,,,,,,XPHB,foundry.json,
Tasha's Bubbling Cauldron,,,,,,,,XPHB,foundry.json,
Tasha's Hideous Laughter,,,,,,,,XPHB,foundry.json,
Telepathy,,,,,,,,XPHB,foundry.json,
Teleport,,,,,,,,XPHB,foundry.json,
Thorn Whip,,,,,,,,XPHB,foundry.json,
Thunderous Smite,,,,,,,,XPHB,foundry.json,
Time Stop,,,,,,,,XPHB,foundry.json,
Toll the Dead,,,,,,,,XPHB,foundry.json,
Tongues,,,,,,,,XPHB,foundry.json,
True Polymorph,,,,,,,,XPHB,foundry.json,
True Resurrection,,,,,,,,XPHB,foundry.json,
True Seeing,,,,,,,,XPHB,foundry.json,
True Strike,,,,,,,,XPHB,foundry.json,
Tsunami,,,,,,,,XPHB,foundry.json,
Vampiric Touch,,,,,,,,XPHB,foundry.json,
Vicious Mockery,,,,,,,,XPHB,foundry.json,
Vitriolic Sphere,,,,,,,,XPHB,foundry.json,
Wall of Fire,,,,,,,,XPHB,foundry.json,
Wall of Force,,,,,,,,XPHB,foundry.json,
Wall of Ice,,,,,,,,XPHB,foundry.json,
Wall of Stone,,,,,,,,XPHB,foundry.json,
Wall of Thorns,,,,,,,,XPHB,foundry.json,
Warding Bond,,,,,,,,XPHB,foundry.json,
Water Breathing,,,,,,,,XPHB,foundry.json,
Water Walk,,,,,,,,XPHB,foundry.json,
Web,,,,,,,,XPHB,foundry.json,
Weird,,,,,,,,XPHB,foundry.json,
Wind Walk,,,,,,,,XPHB,foundry.json,
Wind Wall,,,,,,,,XPHB,foundry.json,
Wish,,,,,,,,XPHB,foundry.json,
Witch Bolt,,,,,,,,PHB,foundry.json,
Witch Bolt,,,,,,,,XPHB,foundry.json,
Word of Recall,,,,,,,,XPHB,foundry.json,
Wrathful Smite,,,,,,,,XPHB,foundry.json,
Yolande's Regal Presence,,,,,,,,XPHB,foundry.json,
Zone of Truth,,,,,,,,XPHB,foundry.json,
